Province,Year,Month,Seasons,Average Temperature,Average Snowfall Recorded,Average Precipitation Recorded
AB,1989,Jan,Winter,-10.41,35.57,36.57
AB,1989,Feb,Winter,-15,16.96,16.23
AB,1989,Mar,Winter,-8.81,17.71,17.61
AB,1989,Apr,Spring,4.8,8.56,16.32
AB,1989,May,Spring,8.64,16.1,60.84
AB,1989,Jun,Spring,13.65,0.75,71.83
AB,1989,Jul,Summer,16.45,0,83.52
AB,1989,Aug,Summer,15.06,0.49,100.48
AB,1989,Sep,Summer,10.2,1.09,34.99
AB,1989,Oct,Autumn,4.38,5.89,19.69
AB,1989,Nov,Autumn,-3.28,21.11,27.85
AB,1989,Dec,Autumn,-7.69,23.41,24.97
AB,1990,Jan,Winter,-8.61,22.35,21.95
AB,1990,Feb,Winter,-10.48,19.21,18.51
AB,1990,Mar,Winter,-0.92,19.8,20.31
AB,1990,Apr,Spring,3.3,19.52,31.74
AB,1990,May,Spring,9.38,7.2,57.92
AB,1990,Jun,Spring,13.25,1.51,81.77
AB,1990,Jul,Summer,15.64,0.1,83.31
AB,1990,Aug,Summer,15.39,0.76,54.7
AB,1990,Sep,Summer,12.06,0.07,14.28
AB,1990,Oct,Autumn,3.01,17.25,26.19
AB,1990,Nov,Autumn,-6.71,40.23,40.48
AB,1990,Dec,Autumn,-14.52,27.75,26.24
AB,1991,Jan,Winter,-12.15,13.36,13.19
AB,1991,Feb,Winter,-1.7,18.15,20.25
AB,1991,Mar,Winter,-4.69,17.31,18.07
AB,1991,Apr,Spring,5.42,10.92,27.6
AB,1991,May,Spring,9.84,2.1,67.39
AB,1991,Jun,Spring,12.48,0.69,118.73
AB,1991,Jul,Summer,15.41,0.22,61.93
AB,1991,Aug,Summer,17.05,0,60.44
AB,1991,Sep,Summer,10.26,0.48,27.2
AB,1991,Oct,Autumn,1.31,31.06,40.97
AB,1991,Nov,Autumn,-5.19,18.31,19.43
AB,1991,Dec,Autumn,-6.61,18.68,18.26
AB,1992,Jan,Winter,-5.29,20.23,20.57
AB,1992,Feb,Winter,-5.66,17.65,17.08
AB,1992,Mar,Winter,1.96,7.09,8.25
AB,1992,Apr,Spring,5.68,10.33,26.38
AB,1992,May,Spring,8.35,15.16,47.92
AB,1992,Jun,Spring,13.93,0.28,76.64
AB,1992,Jul,Summer,13.93,0.04,76.87
AB,1992,Aug,Summer,13.52,4.91,49.15
AB,1992,Sep,Summer,7.21,9.57,48.92
AB,1992,Oct,Autumn,4.02,10.58,20.59
AB,1992,Nov,Autumn,-2.63,18.53,21.55
AB,1992,Dec,Autumn,-14.87,27.9,26.77
AB,1993,Jan,Winter,-14.18,9.24,9.11
AB,1993,Feb,Winter,-9.79,13.94,13.24
AB,1993,Mar,Winter,-1.35,25.15,26.92
AB,1993,Apr,Spring,4.7,14.34,36.74
AB,1993,May,Spring,10.41,0.54,41.45
AB,1993,Jun,Spring,12.1,1.62,104.95
AB,1993,Jul,Summer,12.97,0.46,106.65
AB,1993,Aug,Summer,13.44,0.17,76.7
AB,1993,Sep,Summer,9.84,0.98,32.48
AB,1993,Oct,Autumn,5.06,5.32,16.7
AB,1993,Nov,Autumn,-4.52,21.27,23.56
AB,1993,Dec,Autumn,-5.36,18.47,18.62
AB,1994,Jan,Winter,-14.17,56.58,55.31
AB,1994,Feb,Winter,-17.44,26.74,25.6
AB,1994,Mar,Winter,0.23,9.57,10.69
AB,1994,Apr,Spring,5.11,5.86,9.62
AB,1994,May,Spring,9.97,1.38,51.85
AB,1994,Jun,Spring,12.93,1.44,90.47
AB,1994,Jul,Summer,16.3,0.01,82.8
AB,1994,Aug,Summer,15.24,0.12,60.52
AB,1994,Sep,Summer,12.06,0.33,29.05
AB,1994,Oct,Autumn,4.24,10.33,34.21
AB,1994,Nov,Autumn,-5.38,21.77,21.75
AB,1994,Dec,Autumn,-9.99,15.92,15.83
AB,1995,Jan,Winter,-10.97,8.9,9.28
AB,1995,Feb,Winter,-8.71,11.66,12.91
AB,1995,Mar,Winter,-4.06,12.6,15.6
AB,1995,Apr,Spring,2.87,15.72,30.12
AB,1995,May,Spring,9.7,4.45,40.98
AB,1995,Jun,Spring,13.84,0.55,91.67
AB,1995,Jul,Summer,14.48,0.04,93.97
AB,1995,Aug,Summer,12.12,0.08,76.79
AB,1995,Sep,Summer,11.43,1.18,19.11
AB,1995,Oct,Autumn,3.85,5.97,23.5
AB,1995,Nov,Autumn,-7.56,46.56,48.48
AB,1995,Dec,Autumn,-14.29,22.79,23.46
AB,1996,Jan,Winter,-19.9,29.3,29.03
AB,1996,Feb,Winter,-8.99,11.6,12.51
AB,1996,Mar,Winter,-7.73,25.15,25.84
AB,1996,Apr,Spring,4.32,9.41,25.15
AB,1996,May,Spring,6.45,14.85,64.09
AB,1996,Jun,Spring,12.4,0.85,83.66
AB,1996,Jul,Summer,15.2,0.01,78.28
AB,1996,Aug,Summer,15.33,0.01,64
AB,1996,Sep,Summer,8.53,4.89,58.57
AB,1996,Oct,Autumn,3.16,7.47,16.62
AB,1996,Nov,Autumn,-11.07,55.13,55.12
AB,1996,Dec,Autumn,-16.57,28.25,28.27
AB,1997,Jan,Winter,-15.89,21.58,22.26
AB,1997,Feb,Winter,-5.68,12.77,12.48
AB,1997,Mar,Winter,-5.79,30.91,31.71
AB,1997,Apr,Spring,1.48,7.73,26.33
AB,1997,May,Spring,8.59,12.66,54.53
AB,1997,Jun,Spring,13.21,0.69,104.3
AB,1997,Jul,Summer,15.49,0.03,78.01
AB,1997,Aug,Summer,15.13,0.02,58.09
AB,1997,Sep,Summer,11.82,3.04,48.79
AB,1997,Oct,Autumn,3.53,11.24,26.45
AB,1997,Nov,Autumn,-2.22,6.17,7.67
AB,1997,Dec,Autumn,-3.79,9.47,9.83
AB,1998,Jan,Winter,-16.14,22.78,22.97
AB,1998,Feb,Winter,-4.65,2.8,2.75
AB,1998,Mar,Winter,-3.85,29.83,30.58
AB,1998,Apr,Spring,5.96,7.82,23.67
AB,1998,May,Spring,12.05,1.01,55.12
AB,1998,Jun,Spring,12.81,1.97,105.04
AB,1998,Jul,Summer,17.22,0,70.42
AB,1998,Aug,Summer,16.87,0.02,33.45
AB,1998,Sep,Summer,11.59,0.56,28.21
AB,1998,Oct,Autumn,5.43,10.63,26.02
AB,1998,Nov,Autumn,-3.95,23.65,25.56
AB,1998,Dec,Autumn,-10.77,28.68,28.68
AB,1999,Jan,Winter,-11.79,41.83,41.48
AB,1999,Feb,Winter,-5.99,12.84,12.92
AB,1999,Mar,Winter,-2.72,16.52,16.54
AB,1999,Apr,Spring,4.25,22.45,41.99
AB,1999,May,Spring,7.77,8.99,50.51
AB,1999,Jun,Spring,11.6,1.6,70.9
AB,1999,Jul,Summer,13.41,2.94,100.35
AB,1999,Aug,Summer,15.45,0.43,56.04
AB,1999,Sep,Summer,9.43,4.05,19.6
AB,1999,Oct,Autumn,4.69,11.11,20.55
AB,1999,Nov,Autumn,-1,16.74,24.83
AB,1999,Dec,Autumn,-3.52,15.33,15.65
AB,2000,Jan,Winter,-12.25,22.71,22.38
AB,2000,Feb,Winter,-8.03,18.18,18.29
AB,2000,Mar,Winter,-1.95,27.28,27.77
AB,2000,Apr,Spring,3.74,19.57,25.66
AB,2000,May,Spring,7.14,9.05,52.47
AB,2000,Jun,Spring,11.71,0.91,78.24
AB,2000,Jul,Summer,15.83,0.23,87.44
AB,2000,Aug,Summer,13.6,0.77,63.75
AB,2000,Sep,Summer,9.14,2.93,46.79
AB,2000,Oct,Autumn,4.5,3.9,9.56
AB,2000,Nov,Autumn,-4.51,10.79,12.17
AB,2000,Dec,Autumn,-13.22,16.03,16.63
AB,2001,Jan,Winter,-4.24,5.09,5.95
AB,2001,Feb,Winter,-11.99,16.21,16.03
AB,2001,Mar,Winter,-1.6,13.87,14.08
AB,2001,Apr,Spring,4.23,19.64,23.95
AB,2001,May,Spring,9.78,3.66,33.09
AB,2001,Jun,Spring,12.14,1.19,83.6
AB,2001,Jul,Summer,15.59,0.01,106.94
AB,2001,Aug,Summer,16.11,0,25.36
AB,2001,Sep,Summer,11.09,0.33,19.61
AB,2001,Oct,Autumn,3.06,10.94,17.18
AB,2001,Nov,Autumn,-1.53,26.21,26.82
AB,2001,Dec,Autumn,-10.7,10.54,10.14
AB,2002,Jan,Winter,-10.16,23.12,23.82
AB,2002,Feb,Winter,-5.82,20.25,20.4
AB,2002,Mar,Winter,-12.6,38.57,37.1
AB,2002,Apr,Spring,-0.82,29.36,34.61
AB,2002,May,Spring,6.8,21.94,38.37
AB,2002,Jun,Spring,14.14,6.15,63.84
AB,2002,Jul,Summer,16.15,0.82,61.92
AB,2002,Aug,Summer,13.16,1.84,55.47
AB,2002,Sep,Summer,8.93,3.28,47.63
AB,2002,Oct,Autumn,1.11,12.49,22.45
AB,2002,Nov,Autumn,-0.5,10.88,12.46
AB,2002,Dec,Autumn,-5.65,8.04,8.12
AB,2003,Jan,Winter,-10.28,31.21,30.67
AB,2003,Feb,Winter,-9.47,28.31,27.03
AB,2003,Mar,Winter,-6.71,23.32,25.53
AB,2003,Apr,Spring,4.21,19.39,45.28
AB,2003,May,Spring,8.9,20.81,42.15
AB,2003,Jun,Spring,12.9,0.56,76.4
AB,2003,Jul,Summer,16.55,0.06,50.74
AB,2003,Aug,Summer,16.11,0.05,45.42
AB,2003,Sep,Summer,10.07,4.73,33.68
AB,2003,Oct,Autumn,6.34,14.65,31.23
AB,2003,Nov,Autumn,-7.58,21.45,20.5
AB,2003,Dec,Autumn,-7.56,6.88,6.49
AB,2004,Jan,Winter,-14.34,31.59,30.35
AB,2004,Feb,Winter,-6.43,4.4,4.22
AB,2004,Mar,Winter,-0.9,17.08,18.71
AB,2004,Apr,Spring,5.21,8.99,17.09
AB,2004,May,Spring,6.84,12.35,54.91
AB,2004,Jun,Spring,13,0.2,56.08
AB,2004,Jul,Summer,16.26,0.14,96.57
AB,2004,Aug,Summer,13.89,0.21,79.53
AB,2004,Sep,Summer,8.86,2.43,54.35
AB,2004,Oct,Autumn,2.95,18.35,28.4
AB,2004,Nov,Autumn,-0.56,6.6,9.46
AB,2004,Dec,Autumn,-8.31,28.7,28.92
AB,2005,Jan,Winter,-12.98,19,20.41
AB,2005,Feb,Winter,-5.59,15.57,14.73
AB,2005,Mar,Winter,-1.01,24.18,26.56
AB,2005,Apr,Spring,4.84,4.23,14.58
AB,2005,May,Spring,9.58,0.6,42.97
AB,2005,Jun,Spring,12.3,1.81,139.25
AB,2005,Jul,Summer,14.93,0.02,66.55
AB,2005,Aug,Summer,12.92,0.71,78.45
AB,2005,Sep,Summer,9.11,1.1,55.97
AB,2005,Oct,Autumn,5.33,1.25,20.79
AB,2005,Nov,Autumn,-0.72,10.07,13.54
AB,2005,Dec,Autumn,-6.67,7.57,8.52
AB,2006,Jan,Winter,-4.65,10.09,11.06
AB,2006,Feb,Winter,-7.46,19.7,19.29
AB,2006,Mar,Winter,-4.76,22.03,24.48
AB,2006,Apr,Spring,6.73,1.93,22.76
AB,2006,May,Spring,10.36,2.72,60.53
AB,2006,Jun,Spring,15.37,0.02,73.45
AB,2006,Jul,Summer,18.43,0,53.14
AB,2006,Aug,Summer,15.75,0,43.57
AB,2006,Sep,Summer,11.82,4,52.58
AB,2006,Oct,Autumn,2.88,15.54,33.92
AB,2006,Nov,Autumn,-9.13,28.69,31.53
AB,2006,Dec,Autumn,-5.65,10.57,10.5
AB,2007,Jan,Winter,-7.38,14.32,14.76
AB,2007,Feb,Winter,-11.33,24.16,23.41
AB,2007,Mar,Winter,-1.34,14.04,16.3
AB,2007,Apr,Spring,2.8,16.75,38.89
AB,2007,May,Spring,9.45,6.9,66.27
AB,2007,Jun,Spring,13.41,0.43,87.54
AB,2007,Jul,Summer,18.39,0,42.87
AB,2007,Aug,Summer,13.02,0.32,69.58
AB,2007,Sep,Summer,9.37,1.91,32.61
AB,2007,Oct,Autumn,5.74,2.97,11.61
AB,2007,Nov,Autumn,-3.77,14.29,15.45
AB,2007,Dec,Autumn,-11.76,17.37,15.98
AB,2008,Jan,Winter,-12.29,17.18,16.71
AB,2008,Feb,Winter,-9.58,15.01,14.67
AB,2008,Mar,Winter,-2.89,13.54,13.1
AB,2008,Apr,Spring,1.03,25,32.11
AB,2008,May,Spring,10,2.72,56.36
AB,2008,Jun,Spring,12.84,1.64,70.48
AB,2008,Jul,Summer,15.1,0.2,65.38
AB,2008,Aug,Summer,14.96,0.64,55.05
AB,2008,Sep,Summer,9.64,0.52,25.99
AB,2008,Oct,Autumn,5.44,1.41,8.63
AB,2008,Nov,Autumn,-0.24,9.85,12.96
AB,2008,Dec,Autumn,-15.2,32.05,30.35
AB,2009,Jan,Winter,-11.52,19.98,19.26
AB,2009,Feb,Winter,-9.92,17.31,16.15
AB,2009,Mar,Winter,-8.04,25.46,24.37
AB,2009,Apr,Spring,2.55,13.2,30.59
AB,2009,May,Spring,7.61,4.7,18.38
AB,2009,Jun,Spring,11.95,1.36,44.16
AB,2009,Jul,Summer,14.83,0.02,82.52
AB,2009,Aug,Summer,14.24,0.1,45.2
AB,2009,Sep,Summer,13.73,0.22,23.44
AB,2009,Oct,Autumn,1.3,16.65,34.51
AB,2009,Nov,Autumn,-0.15,9.11,9.8
AB,2009,Dec,Autumn,-16.3,28.43,27.45
AB,2010,Jan,Winter,-9.84,14.91,13.35
AB,2010,Feb,Winter,-7.25,5.68,4.51
AB,2010,Mar,Winter,1,9.33,8.48
AB,2010,Apr,Spring,5.07,12.69,38.56
AB,2010,May,Spring,7.32,11.82,63.17
AB,2010,Jun,Spring,12.57,1.1,62.42
AB,2010,Jul,Summer,14.46,0.04,63.36
AB,2010,Aug,Summer,14.1,0.42,64.19
AB,2010,Sep,Summer,8.49,2.05,45.18
AB,2010,Oct,Autumn,6.59,3.71,8.99
AB,2010,Nov,Autumn,-5.91,19.2,20.5
AB,2010,Dec,Autumn,-12.39,21.52,19.08
AB,2011,Jan,Winter,-11.51,48.6,43.91
AB,2011,Feb,Winter,-11.9,22.07,20.13
AB,2011,Mar,Winter,-8.14,22.27,20.99
AB,2011,Apr,Spring,1.94,22.8,34.74
AB,2011,May,Spring,10.11,1.61,40.64
AB,2011,Jun,Spring,12.2,1.5,111.65
AB,2011,Jul,Summer,14.56,0.03,108.8
AB,2011,Aug,Summer,14.7,0.03,37.84
AB,2011,Sep,Summer,11.59,0.06,8.88
AB,2011,Oct,Autumn,5.47,0.74,22.2
AB,2011,Nov,Autumn,-4.28,17.58,17.01
AB,2011,Dec,Autumn,-4.23,14.27,13.44
AB,2012,Jan,Winter,-7.88,11.57,11.66
AB,2012,Feb,Winter,-6.81,18.4,17.01
AB,2012,Mar,Winter,-1.09,28.47,28.91
AB,2012,Apr,Spring,4.48,16.9,44.55
AB,2012,May,Spring,9.87,2.45,52.84
AB,2012,Jun,Spring,14.41,0,100.47
AB,2012,Jul,Summer,18.31,0,92.08
AB,2012,Aug,Summer,17,0,45.63
AB,2012,Sep,Summer,13.17,0,17.77
AB,2012,Oct,Autumn,1.25,19.07,35.16
AB,2012,Nov,Autumn,-6.73,27.84,26.01
AB,2012,Dec,Autumn,-13.92,25.5,23.21
AB,2013,Jan,Winter,-9.61,28.7,25.28
AB,2013,Feb,Winter,-4.78,10.72,9.58
AB,2013,Mar,Winter,-6.45,28.41,25.4
AB,2013,Apr,Spring,0.52,25.35,27.75
AB,2013,May,Spring,11.85,0.55,44.69
AB,2013,Jun,Spring,14.37,0,97.42
AB,2013,Jul,Summer,16.2,0,67.97
AB,2013,Aug,Summer,17.04,0,41.43
AB,2013,Sep,Summer,13.47,0,21.92
AB,2013,Oct,Autumn,4.76,3.99,19.08
AB,2013,Nov,Autumn,-6.82,38.84,35.84
AB,2013,Dec,Autumn,-14.16,52.13,50.62
AB,2014,Jan,Winter,-8.16,17.45,16.66
AB,2014,Feb,Winter,-15.92,11.9,10.65
AB,2014,Mar,Winter,-7.77,25.66,23.21
AB,2014,Apr,Spring,3.12,12.16,30.23
AB,2014,May,Spring,9.34,6.35,43.99
AB,2014,Jun,Spring,13.66,0.01,88.25
AB,2014,Jul,Summer,18.41,0,55.85
AB,2014,Aug,Summer,17.12,0,32.62
AB,2014,Sep,Summer,11.05,8.73,42.55
AB,2014,Oct,Autumn,6.74,3.24,11.73
AB,2014,Nov,Autumn,-7.08,39.05,41.06
AB,2014,Dec,Autumn,-7.74,7.24,7.05
AB,2015,Jan,Winter,-7.64,26.83,26.07
AB,2015,Feb,Winter,-9.29,22.59,21.15
AB,2015,Mar,Winter,0.52,18.15,21.3
AB,2015,Apr,Spring,5.28,8.49,16.04
AB,2015,May,Spring,9.84,3.42,20.91
AB,2015,Jun,Spring,15.65,0,44.52
AB,2015,Jul,Summer,17.72,0,64.88
AB,2015,Aug,Summer,16.21,0.12,58.07
AB,2015,Sep,Summer,10.07,0.13,58.26
AB,2015,Oct,Autumn,6.66,0.53,16.64
AB,2015,Nov,Autumn,-2.75,19.18,21.78
AB,2015,Dec,Autumn,-8.05,13.67,12.72
AB,2016,Jan,Winter,-8.81,14.24,14.03
AB,2016,Feb,Winter,-2.7,9.44,9.1
AB,2016,Mar,Winter,0.92,12.91,14.73
AB,2016,Apr,Spring,7.52,2.56,14.16
AB,2016,May,Spring,10.66,4.12,81.4
AB,2016,Jun,Spring,15.59,0,61.91
AB,2016,Jul,Summer,17.07,0,79.04
AB,2016,Aug,Summer,16.15,0,83.93
AB,2016,Sep,Summer,10.8,0.1,32.29
AB,2016,Oct,Autumn,1.96,17.16,30.05
AB,2016,Nov,Autumn,0.27,6.26,8.72
AB,2016,Dec,Autumn,-12.77,16.73,15.16
AB,2017,Jan,Winter,-9.45,13.26,12.66
AB,2017,Feb,Winter,-8.38,18.19,17.83
AB,2017,Mar,Winter,-4.7,21.67,21.6
AB,2017,Apr,Spring,3.5,25,52.92
AB,2017,May,Spring,12.15,1.71,52.53
AB,2017,Jun,Spring,15.27,0,73.55
AB,2017,Jul,Summer,18.07,0,52.18
AB,2017,Aug,Summer,16.84,0,29.07
AB,2017,Sep,Summer,11.79,1.63,45.53
AB,2017,Oct,Autumn,4.61,13.98,31.27
AB,2017,Nov,Autumn,-7.51,27.84,26.83
AB,2017,Dec,Autumn,-7.69,12.62,13.05
BC,1989,Jan,Winter,-2.81,56.7,161.41
BC,1989,Feb,Winter,-5.88,21.77,46.18
BC,1989,Mar,Winter,0.76,21.8,99.61
BC,1989,Apr,Spring,7.75,6.83,55.63
BC,1989,May,Spring,10.88,1.68,65.87
BC,1989,Jun,Spring,14.96,0.05,59.85
BC,1989,Jul,Summer,16.58,0,49.7
BC,1989,Aug,Summer,15.88,0.02,78.09
BC,1989,Sep,Summer,13.37,0.24,28.84
BC,1989,Oct,Autumn,7.25,4.03,120.12
BC,1989,Nov,Autumn,2.34,22.8,183.71
BC,1989,Dec,Autumn,0.44,29.3,123.85
BC,1990,Jan,Winter,-1.53,58.99,173.99
BC,1990,Feb,Winter,-2.96,52.88,117.36
BC,1990,Mar,Winter,3.29,15.26,67.88
BC,1990,Apr,Spring,7.75,4.87,57.77
BC,1990,May,Spring,10.71,1.42,79.35
BC,1990,Jun,Spring,13.7,0.95,96.35
BC,1990,Jul,Summer,17.75,0,37.88
BC,1990,Aug,Summer,17.49,0.04,50.21
BC,1990,Sep,Summer,14.23,0.03,26.26
BC,1990,Oct,Autumn,6,11.28,166.36
BC,1990,Nov,Autumn,1.07,47.35,239.38
BC,1990,Dec,Autumn,-5.62,77.05,175.16
BC,1991,Jan,Winter,-5.71,38.27,111.76
BC,1991,Feb,Winter,3.08,14.35,120.09
BC,1991,Mar,Winter,1.07,28.1,65.4
BC,1991,Apr,Spring,6.89,6.73,71.6
BC,1991,May,Spring,10.76,0.86,58.8
BC,1991,Jun,Spring,13.26,0.32,66.89
BC,1991,Jul,Summer,16.42,0,51.89
BC,1991,Aug,Summer,16.86,0.2,117.08
BC,1991,Sep,Summer,13.32,0.08,27.46
BC,1991,Oct,Autumn,5.91,10.66,70.28
BC,1991,Nov,Autumn,2.13,31.17,192.87
BC,1991,Dec,Autumn,0.39,33.96,155.49
BC,1992,Jan,Winter,0.87,38.39,223.42
BC,1992,Feb,Winter,1.86,18.18,90.56
BC,1992,Mar,Winter,5.81,3.13,33.43
BC,1992,Apr,Spring,7.52,4.85,92.07
BC,1992,May,Spring,11.54,2,43.44
BC,1992,Jun,Spring,16.27,0.01,59.01
BC,1992,Jul,Summer,16.87,0,51.45
BC,1992,Aug,Summer,16.44,0.13,38.14
BC,1992,Sep,Summer,10.9,2.69,102.69
BC,1992,Oct,Autumn,7.41,6.68,118.82
BC,1992,Nov,Autumn,2.12,22.42,139.74
BC,1992,Dec,Autumn,-5.43,65.39,117.6
BC,1993,Jan,Winter,-6.83,38.19,101.25
BC,1993,Feb,Winter,-2.08,10.96,31.72
BC,1993,Mar,Winter,3.06,11.96,100.76
BC,1993,Apr,Spring,7.12,3.92,100.52
BC,1993,May,Spring,13.5,0.3,84.09
BC,1993,Jun,Spring,13.94,0.34,90.24
BC,1993,Jul,Summer,14.96,0.01,77.59
BC,1993,Aug,Summer,15.97,0.02,51.73
BC,1993,Sep,Summer,13.02,0.28,20.94
BC,1993,Oct,Autumn,8.46,1.59,79.6
BC,1993,Nov,Autumn,0.42,19.07,106.26
BC,1993,Dec,Autumn,-0.04,30.32,144.97
BC,1994,Jan,Winter,0.51,34.61,125.31
BC,1994,Feb,Winter,-3.66,48.79,151.93
BC,1994,Mar,Winter,4.35,12.27,84.95
BC,1994,Apr,Spring,8.24,5.2,74
BC,1994,May,Spring,11.73,0.41,55.01
BC,1994,Jun,Spring,13.79,0.09,85.26
BC,1994,Jul,Summer,17.96,0.05,32.1
BC,1994,Aug,Summer,17.15,0.01,46.82
BC,1994,Sep,Summer,14,0.24,80.66
BC,1994,Oct,Autumn,7.14,6.94,121.8
BC,1994,Nov,Autumn,0.01,46.55,172.79
BC,1994,Dec,Autumn,-1.89,37.45,174.46
BC,1995,Jan,Winter,-2.48,19.18,122.02
BC,1995,Feb,Winter,0.32,23.47,102.93
BC,1995,Mar,Winter,2.39,17.69,103.74
BC,1995,Apr,Spring,6.86,6.41,60.45
BC,1995,May,Spring,12.46,0.28,31.55
BC,1995,Jun,Spring,15.13,0.15,62.37
BC,1995,Jul,Summer,16.9,0.03,67.92
BC,1995,Aug,Summer,14.31,0.04,83.08
BC,1995,Sep,Summer,14.64,0.09,34.89
BC,1995,Oct,Autumn,6.84,3.06,155.85
BC,1995,Nov,Autumn,2.09,43.46,248.08
BC,1995,Dec,Autumn,-2.23,41.1,166.02
BC,1996,Jan,Winter,-6.37,49,160.37
BC,1996,Feb,Winter,-1.08,19.04,101.66
BC,1996,Mar,Winter,1.79,15.64,68.45
BC,1996,Apr,Spring,7.18,5.31,131.5
BC,1996,May,Spring,8.99,4.26,85.06
BC,1996,Jun,Spring,13.42,0.07,51.48
BC,1996,Jul,Summer,16.97,0.05,41.42
BC,1996,Aug,Summer,16.32,0.03,50.17
BC,1996,Sep,Summer,11.27,0.9,86.35
BC,1996,Oct,Autumn,6.19,9.61,164.91
BC,1996,Nov,Autumn,-1.13,54.85,153.19
BC,1996,Dec,Autumn,-6,77.7,162.25
BC,1997,Jan,Winter,-3.07,38.06,157.13
BC,1997,Feb,Winter,0.53,16.27,86.51
BC,1997,Mar,Winter,1.53,33.08,167.65
BC,1997,Apr,Spring,6.17,4,91.61
BC,1997,May,Spring,11.96,0.61,81.57
BC,1997,Jun,Spring,13.91,0.04,98.91
BC,1997,Jul,Summer,16.37,0.04,87.6
BC,1997,Aug,Summer,17.38,0,55.61
BC,1997,Sep,Summer,13.58,0.27,126.37
BC,1997,Oct,Autumn,7.03,6.41,174.81
BC,1997,Nov,Autumn,3.2,8.77,120.9
BC,1997,Dec,Autumn,0.65,28.39,163.5
BC,1998,Jan,Winter,-3.01,45.64,170.15
BC,1998,Feb,Winter,2.26,12.68,106.4
BC,1998,Mar,Winter,3.85,12.08,82.84
BC,1998,Apr,Spring,7.44,2.89,49.27
BC,1998,May,Spring,12.98,0.23,61.12
BC,1998,Jun,Spring,15.2,0.03,54.53
BC,1998,Jul,Summer,18.68,0,58.68
BC,1998,Aug,Summer,17.65,0.06,32.52
BC,1998,Sep,Summer,14.35,0.06,34.31
BC,1998,Oct,Autumn,7.72,3.74,126.47
BC,1998,Nov,Autumn,3.27,18.28,194.81
BC,1998,Dec,Autumn,-1.83,58.72,210.54
BC,1999,Jan,Winter,-0.85,50.52,189.05
BC,1999,Feb,Winter,0.36,47.8,197
BC,1999,Mar,Winter,2.56,23.8,105.19
BC,1999,Apr,Spring,6.41,6.26,54.34
BC,1999,May,Spring,9,3.27,73.84
BC,1999,Jun,Spring,12.96,0.36,81.52
BC,1999,Jul,Summer,15.6,0.52,52.48
BC,1999,Aug,Summer,16.97,0.12,72.42
BC,1999,Sep,Summer,12.14,1.2,50.91
BC,1999,Oct,Autumn,7.01,5.2,112.74
BC,1999,Nov,Autumn,3.15,19.59,184.95
BC,1999,Dec,Autumn,0.16,35.39,153.47
BC,2000,Jan,Winter,-3.44,54.5,121.98
BC,2000,Feb,Winter,-0.33,14.38,70.19
BC,2000,Mar,Winter,3.42,17.88,105.35
BC,2000,Apr,Spring,7.02,7.3,68.02
BC,2000,May,Spring,9.74,1.47,79.78
BC,2000,Jun,Spring,14.01,0.11,69.43
BC,2000,Jul,Summer,16.47,0.06,70.05
BC,2000,Aug,Summer,15.78,0.08,47.79
BC,2000,Sep,Summer,12.21,0.5,71.75
BC,2000,Oct,Autumn,7.38,3.26,112.03
BC,2000,Nov,Autumn,1.42,11.61,88.99
BC,2000,Dec,Autumn,-2.97,41.86,102.55
BC,2001,Jan,Winter,-0.07,21.52,99.74
BC,2001,Feb,Winter,-1.84,16.87,45.95
BC,2001,Mar,Winter,3,17.82,100.59
BC,2001,Apr,Spring,6.11,7.55,74.27
BC,2001,May,Spring,10.48,1.49,73.33
BC,2001,Jun,Spring,12.93,0.06,74.97
BC,2001,Jul,Summer,16.24,0,53.67
BC,2001,Aug,Summer,16.72,0,92.33
BC,2001,Sep,Summer,13.03,0.05,65.54
BC,2001,Oct,Autumn,6.32,7.96,129.14
BC,2001,Nov,Autumn,3.05,19.56,163.7
BC,2001,Dec,Autumn,-2.14,45.96,155.34
BC,2002,Jan,Winter,-1.4,42.16,143.2
BC,2002,Feb,Winter,-0.28,27.11,108.08
BC,2002,Mar,Winter,-1.2,35.11,88.52
BC,2002,Apr,Spring,5.66,8.85,72.85
BC,2002,May,Spring,9.41,5.91,74.35
BC,2002,Jun,Spring,14.95,0.23,61.38
BC,2002,Jul,Summer,16.94,0.05,35.83
BC,2002,Aug,Summer,16.26,0.1,32.35
BC,2002,Sep,Summer,12.31,0.54,75.88
BC,2002,Oct,Autumn,6.58,2.14,36.23
BC,2002,Nov,Autumn,3.69,5.79,149.51
BC,2002,Dec,Autumn,0.5,22.42,134.07
BC,2003,Jan,Winter,0.34,30.12,157.01
BC,2003,Feb,Winter,-0.02,11.41,41.39
BC,2003,Mar,Winter,2.23,28.05,153
BC,2003,Apr,Spring,6.68,6.59,101.02
BC,2003,May,Spring,10.21,2.79,60.61
BC,2003,Jun,Spring,15.16,0.08,50.86
BC,2003,Jul,Summer,17.8,0.05,32.72
BC,2003,Aug,Summer,17.1,0.08,32.72
BC,2003,Sep,Summer,13.23,0.75,70.26
BC,2003,Oct,Autumn,8.59,4,208.2
BC,2003,Nov,Autumn,-0.62,32.46,126.93
BC,2003,Dec,Autumn,-1.13,33.54,133.57
BC,2004,Jan,Winter,-3.32,46.92,150.37
BC,2004,Feb,Winter,0.91,11.64,61.46
BC,2004,Mar,Winter,4.39,18.91,104.96
BC,2004,Apr,Spring,8.58,2.77,36.75
BC,2004,May,Spring,11.49,1.24,66.56
BC,2004,Jun,Spring,15.88,0.04,50.96
BC,2004,Jul,Summer,18.27,0,44.23
BC,2004,Aug,Summer,17.98,0,92.09
BC,2004,Sep,Summer,11.38,4.39,105.74
BC,2004,Oct,Autumn,6.79,10.3,111.42
BC,2004,Nov,Autumn,2.07,20.26,151.66
BC,2004,Dec,Autumn,0.08,33.22,150.4
BC,2005,Jan,Winter,-3.28,32.01,177.19
BC,2005,Feb,Winter,0.61,12.65,54.63
BC,2005,Mar,Winter,4.65,13.83,114.98
BC,2005,Apr,Spring,7.87,4.31,85.03
BC,2005,May,Spring,12.81,0.25,77.31
BC,2005,Jun,Spring,14.13,0.14,85.25
BC,2005,Jul,Summer,16.35,0,82.54
BC,2005,Aug,Summer,16.83,0,50.35
BC,2005,Sep,Summer,11.92,0.5,81.69
BC,2005,Oct,Autumn,7.75,2.75,180.72
BC,2005,Nov,Autumn,2.03,21.19,127.12
BC,2005,Dec,Autumn,-0.85,16.25,133.94
BC,2006,Jan,Winter,1.14,41.17,228.11
BC,2006,Feb,Winter,-0.89,23.18,77.88
BC,2006,Mar,Winter,2.04,18.57,91.95
BC,2006,Apr,Spring,7.12,6.05,74.46
BC,2006,May,Spring,11.32,0.97,60.52
BC,2006,Jun,Spring,15.31,0,53.87
BC,2006,Jul,Summer,17.99,0,45.07
BC,2006,Aug,Summer,16.12,0,25.01
BC,2006,Sep,Summer,13.61,0.31,54.96
BC,2006,Oct,Autumn,7.25,6.94,78.65
BC,2006,Nov,Autumn,-0.62,57.85,254.12
BC,2006,Dec,Autumn,-0.46,44.2,186.1
BC,2007,Jan,Winter,-2.17,50.01,181.41
BC,2007,Feb,Winter,0.28,26.12,113.12
BC,2007,Mar,Winter,3.1,21.9,165.85
BC,2007,Apr,Spring,6.11,4.39,85.36
BC,2007,May,Spring,10.88,0.91,47.35
BC,2007,Jun,Spring,13.74,0.11,83.21
BC,2007,Jul,Summer,18.1,0,55.54
BC,2007,Aug,Summer,15.97,0,45.99
BC,2007,Sep,Summer,12.08,1.01,77.37
BC,2007,Oct,Autumn,7.07,3.92,149.11
BC,2007,Nov,Autumn,1.54,17.46,124.94
BC,2007,Dec,Autumn,-2.78,53.36,161.61
BC,2008,Jan,Winter,-3.55,40.68,116.93
BC,2008,Feb,Winter,-0.36,22.93,71.69
BC,2008,Mar,Winter,2.01,18.65,77.64
BC,2008,Apr,Spring,4.45,9.12,44.73
BC,2008,May,Spring,11.34,0.51,46.79
BC,2008,Jun,Spring,13.12,0.21,51.94
BC,2008,Jul,Summer,16.28,0,44.64
BC,2008,Aug,Summer,16.2,0.01,95.86
BC,2008,Sep,Summer,12.54,0.02,32.87
BC,2008,Oct,Autumn,7.06,3.61,113.4
BC,2008,Nov,Autumn,3.77,15.19,157.5
BC,2008,Dec,Autumn,-4.78,63.95,128.51
BC,2009,Jan,Winter,-2.68,43.65,124.96
BC,2009,Feb,Winter,-1.26,22.81,57.82
BC,2009,Mar,Winter,0.45,24.1,92.88
BC,2009,Apr,Spring,6.09,6.21,52.14
BC,2009,May,Spring,10.46,1.69,65.33
BC,2009,Jun,Spring,15.14,0.02,39
BC,2009,Jul,Summer,18.42,0,33.72
BC,2009,Aug,Summer,17.11,0,40.81
BC,2009,Sep,Summer,13.81,0.23,83.15
BC,2009,Oct,Autumn,6.37,8.69,148.13
BC,2009,Nov,Autumn,3.1,24.61,232.76
BC,2009,Dec,Autumn,-3.99,22.65,74.19
BC,2010,Jan,Winter,1.01,17.06,156.36
BC,2010,Feb,Winter,2.91,6.46,84.92
BC,2010,Mar,Winter,4.47,13.91,113.53
BC,2010,Apr,Spring,6.98,5.68,87.14
BC,2010,May,Spring,10.03,2.08,66.98
BC,2010,Jun,Spring,13.57,0.03,59.58
BC,2010,Jul,Summer,16.97,0,14.82
BC,2010,Aug,Summer,16.45,0,49.61
BC,2010,Sep,Summer,12.48,0.27,130.44
BC,2010,Oct,Autumn,8.81,1.47,148.39
BC,2010,Nov,Autumn,0.85,24.24,138.5
BC,2010,Dec,Autumn,-0.9,25,178.61
BC,2011,Jan,Winter,-1.26,45.41,182.32
BC,2011,Feb,Winter,-2.24,40.6,126.62
BC,2011,Mar,Winter,2.36,20.53,142.02
BC,2011,Apr,Spring,4.89,10.07,79.33
BC,2011,May,Spring,9.94,1.57,86.81
BC,2011,Jun,Spring,13.63,0.23,55.72
BC,2011,Jul,Summer,15.43,0,71.82
BC,2011,Aug,Summer,16.44,0.07,39.02
BC,2011,Sep,Summer,14.13,0.12,114.12
BC,2011,Oct,Autumn,7.53,1.96,111.52
BC,2011,Nov,Autumn,1.19,29.74,176.77
BC,2011,Dec,Autumn,-0.09,23.07,120.79
BC,2012,Jan,Winter,-1.88,44.61,195.3
BC,2012,Feb,Winter,0.68,21.52,101.65
BC,2012,Mar,Winter,2.24,29.57,150.83
BC,2012,Apr,Spring,7.05,4.8,92.18
BC,2012,May,Spring,10.36,1.08,55.21
BC,2012,Jun,Spring,12.78,0.21,113.74
BC,2012,Jul,Summer,17.28,0,46.92
BC,2012,Aug,Summer,17.49,0,24.37
BC,2012,Sep,Summer,13.88,0.11,26.94
BC,2012,Oct,Autumn,7.06,8.05,152.18
BC,2012,Nov,Autumn,2.45,18.11,160.27
BC,2012,Dec,Autumn,-1.26,41.72,152.37
BC,2013,Jan,Winter,-1.38,23.84,95.13
BC,2013,Feb,Winter,1.96,13.16,110.45
BC,2013,Mar,Winter,3.25,14.59,98.52
BC,2013,Apr,Spring,6.46,8.04,90.76
BC,2013,May,Spring,11.96,0.6,86.03
BC,2013,Jun,Spring,14.77,0.01,76.98
BC,2013,Jul,Summer,17.82,0,17.47
BC,2013,Aug,Summer,17.7,0,65.41
BC,2013,Sep,Summer,14.33,0.27,118.49
BC,2013,Oct,Autumn,7.6,0.68,47.25
BC,2013,Nov,Autumn,1.82,20.34,116.23
BC,2013,Dec,Autumn,-1.92,36.39,107.84
BC,2014,Jan,Winter,0.63,19.47,97.58
BC,2014,Feb,Winter,-3.5,34.15,101.63
BC,2014,Mar,Winter,2.26,23.73,144.87
BC,2014,Apr,Spring,7.03,4.17,94.93
BC,2014,May,Spring,12.2,0.72,69.18
BC,2014,Jun,Spring,14.47,0.09,53.53
BC,2014,Jul,Summer,18.47,0,46.31
BC,2014,Aug,Summer,18.19,0.02,32.71
BC,2014,Sep,Summer,14.04,0.28,66.21
BC,2014,Oct,Autumn,9.83,2.09,200.95
BC,2014,Nov,Autumn,1.59,19.47,160.8
BC,2014,Dec,Autumn,0.33,16.64,156.91
BC,2015,Jan,Winter,1.24,29.6,139.24
BC,2015,Feb,Winter,3.33,15.2,114.13
BC,2015,Mar,Winter,5.83,6.27,141.95
BC,2015,Apr,Spring,7.38,3.33,74.98
BC,2015,May,Spring,13.39,0.4,23.71
BC,2015,Jun,Spring,16.95,0.02,35.59
BC,2015,Jul,Summer,18.62,0,40.25
BC,2015,Aug,Summer,17.42,0,69.73
BC,2015,Sep,Summer,12.13,0.28,94.74
BC,2015,Oct,Autumn,9.8,0.52,121.56
BC,2015,Nov,Autumn,1.7,16.91,129.89
BC,2015,Dec,Autumn,-0.04,30.96,195.98
BC,2016,Jan,Winter,0.17,21.82,150.44
BC,2016,Feb,Winter,3.23,13.08,141.52
BC,2016,Mar,Winter,5.4,11.27,140.68
BC,2016,Apr,Spring,9.99,1.01,54.04
BC,2016,May,Spring,12.76,0.37,47.36
BC,2016,Jun,Spring,15.1,0.09,66.1
BC,2016,Jul,Summer,17.06,0,55.16
BC,2016,Aug,Summer,17.77,0,49.8
BC,2016,Sep,Summer,12.73,0.42,82.72
BC,2016,Oct,Autumn,8,3.48,195.13
BC,2016,Nov,Autumn,5.56,10.8,234.45
BC,2016,Dec,Autumn,-3.66,41.05,121.05
BC,2017,Jan,Winter,-2.47,15.67,92.76
BC,2017,Feb,Winter,-1.29,45.97,111.52
BC,2017,Mar,Winter,2.53,32.5,177.34
BC,2017,Apr,Spring,7,5.74,109.24
BC,2017,May,Spring,12.14,0.64,85
BC,2017,Jun,Spring,14.83,0.17,53.81
BC,2017,Jul,Summer,17.62,0,22.82
BC,2017,Aug,Summer,18.35,0,30.44
BC,2017,Sep,Summer,14.5,0.13,62.39
BC,2017,Oct,Autumn,7.78,3.79,155.27
BC,2017,Nov,Autumn,2.47,26.17,199.71
BC,2017,Dec,Autumn,-1.57,30.76,89.65
ON,1989,Jan,Winter,-5.9,36.22,54.76
ON,1989,Feb,Winter,-9.58,38.42,40.41
ON,1989,Mar,Winter,-4.63,30.24,57.3
ON,1989,Apr,Spring,3.53,8.09,42.2
ON,1989,May,Spring,12.27,2.39,94.95
ON,1989,Jun,Spring,17.18,0,97.35
ON,1989,Jul,Summer,20.63,0,38.42
ON,1989,Aug,Summer,18.67,0,69.51
ON,1989,Sep,Summer,14.52,0.14,69.08
ON,1989,Oct,Autumn,8.61,3.68,78.07
ON,1989,Nov,Autumn,-0.53,33.46,113.55
ON,1989,Dec,Autumn,-13.33,52.95,57.86
ON,1990,Jan,Winter,-3.9,37.94,63.63
ON,1990,Feb,Winter,-6.4,37.11,71.41
ON,1990,Mar,Winter,-0.97,9.01,47.13
ON,1990,Apr,Spring,6.52,10.65,70.84
ON,1990,May,Spring,10.62,1.55,92.49
ON,1990,Jun,Spring,17.14,0.07,97.14
ON,1990,Jul,Summer,19.59,0,81.42
ON,1990,Aug,Summer,19.12,0,70.56
ON,1990,Sep,Summer,13.87,0.08,86.86
ON,1990,Oct,Autumn,7.85,2.58,108.32
ON,1990,Nov,Autumn,2.7,13.66,77.29
ON,1990,Dec,Autumn,-4.37,40.13,105.03
ON,1991,Jan,Winter,-9.58,51.91,56.75
ON,1991,Feb,Winter,-5.14,33.03,40.2
ON,1991,Mar,Winter,-0.9,15.09,85.25
ON,1991,Apr,Spring,7.35,3.75,100.64
ON,1991,May,Spring,14.97,0.58,78.66
ON,1991,Jun,Spring,18.77,0,40.9
ON,1991,Jul,Summer,20.18,0,87.65
ON,1991,Aug,Summer,20.06,0,65.65
ON,1991,Sep,Summer,13.68,0.42,79.43
ON,1991,Oct,Autumn,8.71,2.7,92.92
ON,1991,Nov,Autumn,0.63,23.34,68.8
ON,1991,Dec,Autumn,-5.41,45.05,63.84
ON,1992,Jan,Winter,-7.84,42.03,63.16
ON,1992,Feb,Winter,-6.84,34.38,53.21
ON,1992,Mar,Winter,-4.15,23.57,54.63
ON,1992,Apr,Spring,3.87,9.15,80.94
ON,1992,May,Spring,11.83,0.83,62.11
ON,1992,Jun,Spring,15.16,0.03,51.66
ON,1992,Jul,Summer,16.84,0,130.67
ON,1992,Aug,Summer,16.83,0,123.28
ON,1992,Sep,Summer,13.89,0.14,115.64
ON,1992,Oct,Autumn,6.34,7.23,63.31
ON,1992,Nov,Autumn,0.91,20.95,117.53
ON,1992,Dec,Autumn,-4.26,48.7,71.83
ON,1993,Jan,Winter,-7.33,46.47,90.1
ON,1993,Feb,Winter,-11.18,38.58,38.11
ON,1993,Mar,Winter,-3.37,29.69,39.14
ON,1993,Apr,Spring,5.05,12.54,79.94
ON,1993,May,Spring,11.59,0.13,70.19
ON,1993,Jun,Spring,16.24,0,101.83
ON,1993,Jul,Summer,20.32,0,77.15
ON,1993,Aug,Summer,19.96,0,68.51
ON,1993,Sep,Summer,12.31,0.15,99.81
ON,1993,Oct,Autumn,6.46,5.19,82.02
ON,1993,Nov,Autumn,0.45,12.68,68.96
ON,1993,Dec,Autumn,-5.22,28.97,47.95
ON,1994,Jan,Winter,-15.74,59.19,74.41
ON,1994,Feb,Winter,-11.05,35.89,37.05
ON,1994,Mar,Winter,-2.33,29.91,47.58
ON,1994,Apr,Spring,5.36,14.44,81.86
ON,1994,May,Spring,10.8,0.33,88.75
ON,1994,Jun,Spring,17.98,0.01,87.22
ON,1994,Jul,Summer,20.01,0,91.12
ON,1994,Aug,Summer,17.49,0,86.35
ON,1994,Sep,Summer,14.88,0.01,69.21
ON,1994,Oct,Autumn,9.18,0.71,50.17
ON,1994,Nov,Autumn,3.71,13.79,81.41
ON,1994,Dec,Autumn,-2.51,25.5,49.51
ON,1995,Jan,Winter,-6.06,44.01,99.2
ON,1995,Feb,Winter,-10.04,36.17,39.06
ON,1995,Mar,Winter,-0.28,13.01,39.09
ON,1995,Apr,Spring,2.71,9.82,68.84
ON,1995,May,Spring,11.9,0.28,78.66
ON,1995,Jun,Spring,19.1,0.02,54.04
ON,1995,Jul,Summer,20.37,0.01,98.51
ON,1995,Aug,Summer,20.56,0,85.89
ON,1995,Sep,Summer,12.94,0.24,65.22
ON,1995,Oct,Autumn,9.49,3.42,136.57
ON,1995,Nov,Autumn,-2.15,56.25,125.38
ON,1995,Dec,Autumn,-8.26,52.79,57.06
ON,1996,Jan,Winter,-10.8,43.43,82.36
ON,1996,Feb,Winter,-8.72,26.6,56.96
ON,1996,Mar,Winter,-4.7,34.35,41.95
ON,1996,Apr,Spring,3.02,16.96,107.53
ON,1996,May,Spring,10.46,0.85,78.87
ON,1996,Jun,Spring,17.95,0,101.31
ON,1996,Jul,Summer,18.61,0,110.99
ON,1996,Aug,Summer,19.42,0,61.29
ON,1996,Sep,Summer,15.23,0.06,149.22
ON,1996,Oct,Autumn,7.96,3.51,85.12
ON,1996,Nov,Autumn,-1.33,29.67,70.42
ON,1996,Dec,Autumn,-3.42,46.7,96.76
ON,1997,Jan,Winter,-9.99,73.52,94.34
ON,1997,Feb,Winter,-6.5,31,76.68
ON,1997,Mar,Winter,-3.66,45.64,76.57
ON,1997,Apr,Spring,4.03,8.1,42.54
ON,1997,May,Spring,8.62,1.16,82.86
ON,1997,Jun,Spring,18.47,0.03,76.41
ON,1997,Jul,Summer,19.34,0,67.25
ON,1997,Aug,Summer,17.4,0,86.3
ON,1997,Sep,Summer,14.32,0,86.33
ON,1997,Oct,Autumn,7.78,14.63,65.9
ON,1997,Nov,Autumn,0.2,27.25,65.53
ON,1997,Dec,Autumn,-3.65,28.05,40.09
ON,1998,Jan,Winter,-5.95,46.76,98.91
ON,1998,Feb,Winter,-2.15,6.81,34.15
ON,1998,Mar,Winter,-0.5,35.53,99.94
ON,1998,Apr,Spring,7.11,1.8,45.72
ON,1998,May,Spring,15.46,0.1,55.61
ON,1998,Jun,Spring,17.74,0.02,90.94
ON,1998,Jul,Summer,19.79,0,65.56
ON,1998,Aug,Summer,19.95,0.01,79.89
ON,1998,Sep,Summer,15.92,0.03,67.85
ON,1998,Oct,Autumn,9.16,0.44,48.9
ON,1998,Nov,Autumn,2.74,11.06,60.12
ON,1998,Dec,Autumn,-2.57,29.57,58.68
ON,1999,Jan,Winter,-9.69,83.22,106.59
ON,1999,Feb,Winter,-4.34,18.36,40.99
ON,1999,Mar,Winter,-2,30.76,40.01
ON,1999,Apr,Spring,6.56,2.98,41.93
ON,1999,May,Spring,14.05,0.17,72.25
ON,1999,Jun,Spring,18.8,0,83.05
ON,1999,Jul,Summer,21.7,0,94.67
ON,1999,Aug,Summer,18.3,0,64.69
ON,1999,Sep,Summer,15.93,0.01,111.41
ON,1999,Oct,Autumn,7.59,2.06,82.45
ON,1999,Nov,Autumn,3.75,16.5,82.11
ON,1999,Dec,Autumn,-3.4,31.59,70.1
ON,2000,Jan,Winter,-8.91,38.27,56.25
ON,2000,Feb,Winter,-5.21,35.48,49.68
ON,2000,Mar,Winter,2.21,16.56,46.25
ON,2000,Apr,Spring,4.92,14.79,76.99
ON,2000,May,Spring,12.85,0.3,119.17
ON,2000,Jun,Spring,16.55,0.04,157.35
ON,2000,Jul,Summer,18.57,0,93.41
ON,2000,Aug,Summer,18.58,0,87.6
ON,2000,Sep,Summer,13.89,0.15,88.91
ON,2000,Oct,Autumn,9.28,0.91,38.69
ON,2000,Nov,Autumn,1.55,24.24,81.24
ON,2000,Dec,Autumn,-10.45,90.6,102.01
ON,2001,Jan,Winter,-7.1,43.07,49.47
ON,2001,Feb,Winter,-7.21,46.66,82.86
ON,2001,Mar,Winter,-2.73,37.9,46.22
ON,2001,Apr,Spring,6.47,6.29,51.75
ON,2001,May,Spring,13.55,0.2,89.81
ON,2001,Jun,Spring,18.03,0,74.79
ON,2001,Jul,Summer,19.31,0.07,44.57
ON,2001,Aug,Summer,20.9,0,70.86
ON,2001,Sep,Summer,14.68,0.08,100.04
ON,2001,Oct,Autumn,8.75,4.92,131.63
ON,2001,Nov,Autumn,5.16,8.66,83.25
ON,2001,Dec,Autumn,-0.94,44.16,78.68
ON,2002,Jan,Winter,-4.06,42,51.66
ON,2002,Feb,Winter,-4.45,34.71,58.34
ON,2002,Mar,Winter,-2.67,43.94,78.68
ON,2002,Apr,Spring,5.64,14.68,87.87
ON,2002,May,Spring,9.72,2.65,102.05
ON,2002,Jun,Spring,17.67,0,101.54
ON,2002,Jul,Summer,21.57,0,71.82
ON,2002,Aug,Summer,20.06,0,47.6
ON,2002,Sep,Summer,17.57,0,65.23
ON,2002,Oct,Autumn,6.44,5.37,73.17
ON,2002,Nov,Autumn,0.15,34.93,72.42
ON,2002,Dec,Autumn,-4.49,33.2,48.44
ON,2003,Jan,Winter,-11.47,63.45,61.98
ON,2003,Feb,Winter,-10.96,44.33,55.85
ON,2003,Mar,Winter,-3.12,31.24,61.19
ON,2003,Apr,Spring,3.64,17.2,57.65
ON,2003,May,Spring,11.67,0.08,104.91
ON,2003,Jun,Spring,17.05,0.02,73.34
ON,2003,Jul,Summer,19.76,0,85.19
ON,2003,Aug,Summer,20.3,0,81.14
ON,2003,Sep,Summer,15.43,0.42,107.94
ON,2003,Oct,Autumn,7.48,3.73,94.32
ON,2003,Nov,Autumn,2.51,19.62,117.48
ON,2003,Dec,Autumn,-3.31,32.44,79.54
ON,2004,Jan,Winter,-13.33,75.51,79.5
ON,2004,Feb,Winter,-6.5,29.66,34.22
ON,2004,Mar,Winter,-0.25,24.55,81.46
ON,2004,Apr,Spring,5.4,5.32,64.4
ON,2004,May,Spring,11.71,1.97,133.61
ON,2004,Jun,Spring,16,0,68.99
ON,2004,Jul,Summer,19.32,0.07,114.22
ON,2004,Aug,Summer,17.53,0,75.28
ON,2004,Sep,Summer,16.53,0,60.33
ON,2004,Oct,Autumn,9.02,0.95,76.53
ON,2004,Nov,Autumn,2.85,12.42,78.87
ON,2004,Dec,Autumn,-6.69,64.78,103.99
ON,2005,Jan,Winter,-10.2,49.6,75.79
ON,2005,Feb,Winter,-6.27,39.07,60.53
ON,2005,Mar,Winter,-3.68,27.29,35.53
ON,2005,Apr,Spring,6.73,15.64,90.77
ON,2005,May,Spring,10.98,1.17,40.21
ON,2005,Jun,Spring,20.53,0,74.83
ON,2005,Jul,Summer,21.74,0,76.76
ON,2005,Aug,Summer,20.52,0,84.95
ON,2005,Sep,Summer,17.06,0,97.88
ON,2005,Oct,Autumn,9.74,1.17,70.96
ON,2005,Nov,Autumn,2.62,29.56,120.1
ON,2005,Dec,Autumn,-5.79,58.28,72.53
ON,2006,Jan,Winter,-3.09,33.84,84.08
ON,2006,Feb,Winter,-7.34,56.54,83.02
ON,2006,Mar,Winter,-0.94,11.08,57.27
ON,2006,Apr,Spring,7.38,4.13,62.96
ON,2006,May,Spring,13.37,0.63,85
ON,2006,Jun,Spring,18,0,69.77
ON,2006,Jul,Summer,21.61,0,106.59
ON,2006,Aug,Summer,19.3,0,53.59
ON,2006,Sep,Summer,14.01,0,115.28
ON,2006,Oct,Autumn,7.27,8.87,133.72
ON,2006,Nov,Autumn,3.51,6.53,81.25
ON,2006,Dec,Autumn,-1.08,26.01,79.33
ON,2007,Jan,Winter,-6.26,37.62,65.86
ON,2007,Feb,Winter,-10.8,48.47,46.15
ON,2007,Mar,Winter,-1.4,22.77,51.26
ON,2007,Apr,Spring,4.93,14.77,72.46
ON,2007,May,Spring,13.07,0.26,55.54
ON,2007,Jun,Spring,18.69,0.03,57.43
ON,2007,Jul,Summer,19.5,0,75.56
ON,2007,Aug,Summer,19.83,0,59.94
ON,2007,Sep,Summer,16.32,0.29,65.1
ON,2007,Oct,Autumn,11.79,0.79,80.68
ON,2007,Nov,Autumn,0.77,26.28,72.56
ON,2007,Dec,Autumn,-5.96,67.58,93.67
ON,2008,Jan,Winter,-6.54,39.15,74.73
ON,2008,Feb,Winter,-9.1,56.01,78.54
ON,2008,Mar,Winter,-4.82,43.35,74.53
ON,2008,Apr,Spring,6.59,9.7,56.66
ON,2008,May,Spring,10.32,1.13,84.37
ON,2008,Jun,Spring,18.06,0,114.46
ON,2008,Jul,Summer,19.95,0,105.59
ON,2008,Aug,Summer,18.57,0.21,80.16
ON,2008,Sep,Summer,15.13,0,90.34
ON,2008,Oct,Autumn,7.7,2.27,65.09
ON,2008,Nov,Autumn,0.88,34.7,92.56
ON,2008,Dec,Autumn,-7.99,73.08,106.75
ON,2009,Jan,Winter,-12.81,61.05,61.43
ON,2009,Feb,Winter,-7.27,26.76,60.8
ON,2009,Mar,Winter,-1.86,12.32,57.69
ON,2009,Apr,Spring,5.49,12.95,101.84
ON,2009,May,Spring,11.4,1.5,77.03
ON,2009,Jun,Spring,16.44,0.09,74.85
ON,2009,Jul,Summer,17.77,0,97.25
ON,2009,Aug,Summer,18.94,0,97.7
ON,2009,Sep,Summer,15.47,0.02,51.71
ON,2009,Oct,Autumn,6.54,3.5,91.7
ON,2009,Nov,Autumn,4.22,5.5,43.34
ON,2009,Dec,Autumn,-6.62,43.14,73.08
ON,2010,Jan,Winter,-8.36,28.87,43.55
ON,2010,Feb,Winter,-6.84,29.65,29.94
ON,2010,Mar,Winter,2.28,3.19,29.47
ON,2010,Apr,Spring,9,3.27,43.17
ON,2010,May,Spring,14.48,1,79.43
ON,2010,Jun,Spring,17.7,0,124.76
ON,2010,Jul,Summer,21.6,0,90.65
ON,2010,Aug,Summer,20.61,0,72.64
ON,2010,Sep,Summer,14.61,0,118.17
ON,2010,Oct,Autumn,8.78,1.41,64.77
ON,2010,Nov,Autumn,2.44,13.4,85.99
ON,2010,Dec,Autumn,-6.21,41.6,52.69
ON,2011,Jan,Winter,-10.38,53.44,54.54
ON,2011,Feb,Winter,-7.72,43.25,49.91
ON,2011,Mar,Winter,-2.77,27.98,78.9
ON,2011,Apr,Spring,5.34,10.1,110.14
ON,2011,May,Spring,12.97,0.12,94.83
ON,2011,Jun,Spring,17.74,0.04,76.97
ON,2011,Jul,Summer,22.17,0.01,62.47
ON,2011,Aug,Summer,20.05,0,80.81
ON,2011,Sep,Summer,15.91,0.27,89.88
ON,2011,Oct,Autumn,9.64,0.62,91.07
ON,2011,Nov,Autumn,4.44,10.53,80.59
ON,2011,Dec,Autumn,-2.32,22.83,64.68
ON,2012,Jan,Winter,-5.33,40.73,67.71
ON,2012,Feb,Winter,-3.34,27.77,33.64
ON,2012,Mar,Winter,4.71,10.62,45.12
ON,2012,Apr,Spring,5.56,5.35,43.56
ON,2012,May,Spring,14.82,0.22,53.06
ON,2012,Jun,Spring,18.99,0,79.75
ON,2012,Jul,Summer,22.21,0,63.79
ON,2012,Aug,Summer,19.98,0,67.29
ON,2012,Sep,Summer,15.02,0,100.4
ON,2012,Oct,Autumn,9.16,2.24,111.59
ON,2012,Nov,Autumn,1.35,11.34,30.37
ON,2012,Dec,Autumn,-2.63,32.95,67.06
ON,2013,Jan,Winter,-6.73,35.38,75.38
ON,2013,Feb,Winter,-7.46,57.71,69.07
ON,2013,Mar,Winter,-1.98,21.13,33.77
ON,2013,Apr,Spring,4.4,11.78,97.22
ON,2013,May,Spring,13.69,1.79,85.1
ON,2013,Jun,Spring,17.37,0.09,99.81
ON,2013,Jul,Summer,20.72,0,106.19
ON,2013,Aug,Summer,19.23,0,70.59
ON,2013,Sep,Summer,14.74,0,81.27
ON,2013,Oct,Autumn,9.57,3.18,109.37
ON,2013,Nov,Autumn,0.4,22.15,64.41
ON,2013,Dec,Autumn,-8.01,51.12,68.77
ON,2014,Jan,Winter,-11.53,58.4,70.03
ON,2014,Feb,Winter,-10.76,41.41,54.16
ON,2014,Mar,Winter,-6.66,36.07,43.88
ON,2014,Apr,Spring,4.56,10.52,87.69
ON,2014,May,Spring,12.98,0.82,76.22
ON,2014,Jun,Spring,18.56,0,99.09
ON,2014,Jul,Summer,18.65,0,96.33
ON,2014,Aug,Summer,18.74,0,79.53
ON,2014,Sep,Summer,15.07,0.36,94.83
ON,2014,Oct,Autumn,9.62,1.74,84.8
ON,2014,Nov,Autumn,-0.01,33.52,63.83
ON,2014,Dec,Autumn,-2.94,21.73,40.62
ON,2015,Jan,Winter,-11.05,41.16,48.94
ON,2015,Feb,Winter,-15.38,49.98,46.82
ON,2015,Mar,Winter,-3.82,15.84,24.69
ON,2015,Apr,Spring,5.8,4.52,63.38
ON,2015,May,Spring,14.56,0.68,70.25
ON,2015,Jun,Spring,17.04,0,119.5
ON,2015,Jul,Summer,20.05,0,54.93
ON,2015,Aug,Summer,19.39,0,82.4
ON,2015,Sep,Summer,18.14,0,65.4
ON,2015,Oct,Autumn,8.53,0.86,83.48
ON,2015,Nov,Autumn,5.3,8.62,55.25
ON,2015,Dec,Autumn,1.98,16.51,65.22
ON,2016,Jan,Winter,-6.46,37.34,57.36
ON,2016,Feb,Winter,-5.39,37.11,65.92
ON,2016,Mar,Winter,0.56,18.58,97.61
ON,2016,Apr,Spring,3.78,17.75,48.55
ON,2016,May,Spring,13.49,0.35,37.24
ON,2016,Jun,Spring,17.88,0,51.84
ON,2016,Jul,Summer,21.47,0,61.53
ON,2016,Aug,Summer,21.93,0,98.05
ON,2016,Sep,Summer,17.31,0,70.16
ON,2016,Oct,Autumn,9.9,2.35,73.36
ON,2016,Nov,Autumn,4.85,11.87,55.31
ON,2016,Dec,Autumn,-4.17,63.01,78.87
ON,2017,Jan,Winter,-4.05,34.92,72.34
ON,2017,Feb,Winter,-3.13,36.14,73.45
ON,2017,Mar,Winter,-2.52,20.95,60.56
ON,2017,Apr,Spring,7.67,5.7,109.04
ON,2017,May,Spring,11.64,1.67,122.87
ON,2017,Jun,Spring,17.71,0,120.23
ON,2017,Jul,Summer,19.97,0,92.45
ON,2017,Aug,Summer,18.68,0,86.13
ON,2017,Sep,Summer,16.94,0,56.97
ON,2017,Oct,Autumn,11.55,2.94,99.08
ON,2017,Nov,Autumn,1.16,14,79.5
ON,2017,Dec,Autumn,-7.77,53.85,60.53
Total Geral,,#N/D,#N/D,6.36,12.9,75.58
