Goal,Target,Indicator,SeriesCode,SeriesDescription,GeoAreaCode,GeoAreaName,TimePeriod,Value,Time_Detail,TimeCoverage,UpperBound,LowerBound,BasePeriod,Source,GeoInfoUrl,FootNote,[Hazard type],[Nature],[Report Ordinal],[Reporting Type],[Type of support],[Units]
13,13.2,13.2.2,EN_ATM_GHGT_AIP,Total greenhouse gas emissions without LULUCF for Annex I Parties (Mt CO₂ equivalent),124,Canada,1990,601.52369,1990,,,,,UNFCCC,,Party included in Annex I to the Convention (UNFCCC),,C,,G,,MT_CO2E
13,13.2,13.2.2,EN_ATM_GHGT_AIP,Total greenhouse gas emissions without LULUCF for Annex I Parties (Mt CO₂ equivalent),124,Canada,1991,595.77673,1991,,,,,UNFCCC,,Party included in Annex I to the Convention (UNFCCC),,C,,G,,MT_CO2E
13,13.2,13.2.2,EN_ATM_GHGT_AIP,Total greenhouse gas emissions without LULUCF for Annex I Parties (Mt CO₂ equivalent),124,Canada,1992,613.59852,1992,,,,,UNFCCC,,Party included in Annex I to the Convention (UNFCCC),,C,,G,,MT_CO2E
13,13.2,13.2.2,EN_ATM_GHGT_AIP,Total greenhouse gas emissions without LULUCF for Annex I Parties (Mt CO₂ equivalent),124,Canada,1993,616.79839,1993,,,,,UNFCCC,,Party included in Annex I to the Convention (UNFCCC),,C,,G,,MT_CO2E
13,13.2,13.2.2,EN_ATM_GHGT_AIP,Total greenhouse gas emissions without LULUCF for Annex I Parties (Mt CO₂ equivalent),124,Canada,1994,638.00047,1994,,,,,UNFCCC,,Party included in Annex I to the Convention (UNFCCC),,C,,G,,MT_CO2E
13,13.2,13.2.2,EN_ATM_GHGT_AIP,Total greenhouse gas emissions without LULUCF for Annex I Parties (Mt CO₂ equivalent),124,Canada,1995,656.29872,1995,,,,,UNFCCC,,Party included in Annex I to the Convention (UNFCCC),,C,,G,,MT_CO2E
13,13.2,13.2.2,EN_ATM_GHGT_AIP,Total greenhouse gas emissions without LULUCF for Annex I Parties (Mt CO₂ equivalent),124,Canada,1996,678.71449,1996,,,,,UNFCCC,,Party included in Annex I to the Convention (UNFCCC),,C,,G,,MT_CO2E
13,13.2,13.2.2,EN_ATM_GHGT_AIP,Total greenhouse gas emissions without LULUCF for Annex I Parties (Mt CO₂ equivalent),124,Canada,1997,691.19537,1997,,,,,UNFCCC,,Party included in Annex I to the Convention (UNFCCC),,C,,G,,MT_CO2E
13,13.2,13.2.2,EN_ATM_GHGT_AIP,Total greenhouse gas emissions without LULUCF for Annex I Parties (Mt CO₂ equivalent),124,Canada,1998,696.90152,1998,,,,,UNFCCC,,Party included in Annex I to the Convention (UNFCCC),,C,,G,,MT_CO2E
13,13.2,13.2.2,EN_ATM_GHGT_AIP,Total greenhouse gas emissions without LULUCF for Annex I Parties (Mt CO₂ equivalent),124,Canada,1999,709.60092,1999,,,,,UNFCCC,,Party included in Annex I to the Convention (UNFCCC),,C,,G,,MT_CO2E
13,13.2,13.2.2,EN_ATM_GHGT_AIP,Total greenhouse gas emissions without LULUCF for Annex I Parties (Mt CO₂ equivalent),124,Canada,2000,733.51134,2000,,,,,UNFCCC,,Party included in Annex I to the Convention (UNFCCC),,C,,G,,MT_CO2E
13,13.2,13.2.2,EN_ATM_GHGT_AIP,Total greenhouse gas emissions without LULUCF for Annex I Parties (Mt CO₂ equivalent),124,Canada,2001,722.93501,2001,,,,,UNFCCC,,Party included in Annex I to the Convention (UNFCCC),,C,,G,,MT_CO2E
13,13.2,13.2.2,EN_ATM_GHGT_AIP,Total greenhouse gas emissions without LULUCF for Annex I Parties (Mt CO₂ equivalent),124,Canada,2002,726.55518,2002,,,,,UNFCCC,,Party included in Annex I to the Convention (UNFCCC),,C,,G,,MT_CO2E
13,13.2,13.2.2,EN_ATM_GHGT_AIP,Total greenhouse gas emissions without LULUCF for Annex I Parties (Mt CO₂ equivalent),124,Canada,2003,744.83189,2003,,,,,UNFCCC,,Party included in Annex I to the Convention (UNFCCC),,C,,G,,MT_CO2E
13,13.2,13.2.2,EN_ATM_GHGT_AIP,Total greenhouse gas emissions without LULUCF for Annex I Parties (Mt CO₂ equivalent),124,Canada,2004,745.91978,2004,,,,,UNFCCC,,Party included in Annex I to the Convention (UNFCCC),,C,,G,,MT_CO2E
13,13.2,13.2.2,EN_ATM_GHGT_AIP,Total greenhouse gas emissions without LULUCF for Annex I Parties (Mt CO₂ equivalent),124,Canada,2005,738.7186,2005,,,,,UNFCCC,,Party included in Annex I to the Convention (UNFCCC),,C,,G,,MT_CO2E
13,13.2,13.2.2,EN_ATM_GHGT_AIP,Total greenhouse gas emissions without LULUCF for Annex I Parties (Mt CO₂ equivalent),124,Canada,2006,730.10194,2006,,,,,UNFCCC,,Party included in Annex I to the Convention (UNFCCC),,C,,G,,MT_CO2E
13,13.2,13.2.2,EN_ATM_GHGT_AIP,Total greenhouse gas emissions without LULUCF for Annex I Parties (Mt CO₂ equivalent),124,Canada,2007,751.66127,2007,,,,,UNFCCC,,Party included in Annex I to the Convention (UNFCCC),,C,,G,,MT_CO2E
13,13.2,13.2.2,EN_ATM_GHGT_AIP,Total greenhouse gas emissions without LULUCF for Annex I Parties (Mt CO₂ equivalent),124,Canada,2008,735.69285,2008,,,,,UNFCCC,,Party included in Annex I to the Convention (UNFCCC),,C,,G,,MT_CO2E
13,13.2,13.2.2,EN_ATM_GHGT_AIP,Total greenhouse gas emissions without LULUCF for Annex I Parties (Mt CO₂ equivalent),124,Canada,2009,693.5979,2009,,,,,UNFCCC,,Party included in Annex I to the Convention (UNFCCC),,C,,G,,MT_CO2E
13,13.2,13.2.2,EN_ATM_GHGT_AIP,Total greenhouse gas emissions without LULUCF for Annex I Parties (Mt CO₂ equivalent),124,Canada,2010,702.80275,2010,,,,,UNFCCC,,Party included in Annex I to the Convention (UNFCCC),,C,,G,,MT_CO2E
13,13.2,13.2.2,EN_ATM_GHGT_AIP,Total greenhouse gas emissions without LULUCF for Annex I Parties (Mt CO₂ equivalent),124,Canada,2011,714.07851,2011,,,,,UNFCCC,,Party included in Annex I to the Convention (UNFCCC),,C,,G,,MT_CO2E
13,13.2,13.2.2,EN_ATM_GHGT_AIP,Total greenhouse gas emissions without LULUCF for Annex I Parties (Mt CO₂ equivalent),124,Canada,2012,717.17239,2012,,,,,UNFCCC,,Party included in Annex I to the Convention (UNFCCC),,C,,G,,MT_CO2E
13,13.2,13.2.2,EN_ATM_GHGT_AIP,Total greenhouse gas emissions without LULUCF for Annex I Parties (Mt CO₂ equivalent),124,Canada,2013,725.37184,2013,,,,,UNFCCC,,Party included in Annex I to the Convention (UNFCCC),,C,,G,,MT_CO2E
13,13.2,13.2.2,EN_ATM_GHGT_AIP,Total greenhouse gas emissions without LULUCF for Annex I Parties (Mt CO₂ equivalent),124,Canada,2014,722.55767,2014,,,,,UNFCCC,,Party included in Annex I to the Convention (UNFCCC),,C,,G,,MT_CO2E
13,13.2,13.2.2,EN_ATM_GHGT_AIP,Total greenhouse gas emissions without LULUCF for Annex I Parties (Mt CO₂ equivalent),124,Canada,2015,723.09602,2015,,,,,UNFCCC,,Party included in Annex I to the Convention (UNFCCC),,C,,G,,MT_CO2E
13,13.2,13.2.2,EN_ATM_GHGT_AIP,Total greenhouse gas emissions without LULUCF for Annex I Parties (Mt CO₂ equivalent),124,Canada,2016,706.93391,2016,,,,,UNFCCC,,Party included in Annex I to the Convention (UNFCCC),,C,,G,,MT_CO2E
13,13.2,13.2.2,EN_ATM_GHGT_AIP,Total greenhouse gas emissions without LULUCF for Annex I Parties (Mt CO₂ equivalent),124,Canada,2017,716.09201,2017,,,,,UNFCCC,,Party included in Annex I to the Convention (UNFCCC),,C,,G,,MT_CO2E
13,13.2,13.2.2,EN_ATM_GHGT_AIP,Total greenhouse gas emissions without LULUCF for Annex I Parties (Mt CO₂ equivalent),124,Canada,2018,728.47589,2018,,,,,UNFCCC,,Party included in Annex I to the Convention (UNFCCC),,C,,G,,MT_CO2E
13,13.2,13.2.2,EN_ATM_GHGT_AIP,Total greenhouse gas emissions without LULUCF for Annex I Parties (Mt CO₂ equivalent),124,Canada,2019,730.24494,2019,,,,,UNFCCC,,Party included in Annex I to the Convention (UNFCCC),,C,,G,,MT_CO2E
13,13.a,13.a.1,DC_FIN_CLIMB,"Climate-specific financial support provided via bilateral, regional and other channels, by type of support (Billions of current United States dollars)",1,World,2011,2,2011,,,,,Biennial Reports by Annex I Parties to the Convention,,,,G,,G,CROSS_CUTTING,CU_USD_B
13,13.a,13.a.1,DC_FIN_CLIMB,"Climate-specific financial support provided via bilateral, regional and other channels, by type of support (Billions of current United States dollars)",1,World,2011,14.08,2011,,,,,Biennial Reports by Annex I Parties to the Convention,,,,G,,G,TOTAL,CU_USD_B
13,13.a,13.a.1,DC_FIN_CLIMB,"Climate-specific financial support provided via bilateral, regional and other channels, by type of support (Billions of current United States dollars)",1,World,2011,2.64,2011,,,,,Biennial Reports by Annex I Parties to the Convention,,,,G,,G,ADAPTATION,CU_USD_B
13,13.a,13.a.1,DC_FIN_CLIMB,"Climate-specific financial support provided via bilateral, regional and other channels, by type of support (Billions of current United States dollars)",1,World,2011,0.65,2011,,,,,Biennial Reports by Annex I Parties to the Convention,,,,G,,G,OTHER,CU_USD_B
13,13.a,13.a.1,DC_FIN_CLIMB,"Climate-specific financial support provided via bilateral, regional and other channels, by type of support (Billions of current United States dollars)",1,World,2011,8.79,2011,,,,,Biennial Reports by Annex I Parties to the Convention,,,,G,,G,MITIGATION,CU_USD_B
13,13.a,13.a.1,DC_FIN_CLIMB,"Climate-specific financial support provided via bilateral, regional and other channels, by type of support (Billions of current United States dollars)",1,World,2012,2,2012,,,,,Biennial Reports by Annex I Parties to the Convention,,,,G,,G,ADAPTATION,CU_USD_B
13,13.a,13.a.1,DC_FIN_CLIMB,"Climate-specific financial support provided via bilateral, regional and other channels, by type of support (Billions of current United States dollars)",1,World,2012,1.79,2012,,,,,Biennial Reports by Annex I Parties to the Convention,,,,G,,G,CROSS_CUTTING,CU_USD_B
13,13.a,13.a.1,DC_FIN_CLIMB,"Climate-specific financial support provided via bilateral, regional and other channels, by type of support (Billions of current United States dollars)",1,World,2012,0.68,2012,,,,,Biennial Reports by Annex I Parties to the Convention,,,,G,,G,OTHER,CU_USD_B
13,13.a,13.a.1,DC_FIN_CLIMB,"Climate-specific financial support provided via bilateral, regional and other channels, by type of support (Billions of current United States dollars)",1,World,2012,9.91,2012,,,,,Biennial Reports by Annex I Parties to the Convention,,,,G,,G,MITIGATION,CU_USD_B
13,13.a,13.a.1,DC_FIN_CLIMB,"Climate-specific financial support provided via bilateral, regional and other channels, by type of support (Billions of current United States dollars)",1,World,2012,14.38,2012,,,,,Biennial Reports by Annex I Parties to the Convention,,,,G,,G,TOTAL,CU_USD_B
13,13.a,13.a.1,DC_FIN_CLIMB,"Climate-specific financial support provided via bilateral, regional and other channels, by type of support (Billions of current United States dollars)",1,World,2013,23.15,2013,,,,,Biennial Reports by Annex I Parties to the Convention,,,,G,,G,TOTAL,CU_USD_B
13,13.a,13.a.1,DC_FIN_CLIMB,"Climate-specific financial support provided via bilateral, regional and other channels, by type of support (Billions of current United States dollars)",1,World,2013,15.17,2013,,,,,Biennial Reports by Annex I Parties to the Convention,,,,G,,G,MITIGATION,CU_USD_B
13,13.a,13.a.1,DC_FIN_CLIMB,"Climate-specific financial support provided via bilateral, regional and other channels, by type of support (Billions of current United States dollars)",1,World,2013,3.02,2013,,,,,Biennial Reports by Annex I Parties to the Convention,,,,G,,G,CROSS_CUTTING,CU_USD_B
13,13.a,13.a.1,DC_FIN_CLIMB,"Climate-specific financial support provided via bilateral, regional and other channels, by type of support (Billions of current United States dollars)",1,World,2013,0.71,2013,,,,,Biennial Reports by Annex I Parties to the Convention,,,,G,,G,OTHER,CU_USD_B
13,13.a,13.a.1,DC_FIN_CLIMB,"Climate-specific financial support provided via bilateral, regional and other channels, by type of support (Billions of current United States dollars)",1,World,2013,4.25,2013,,,,,Biennial Reports by Annex I Parties to the Convention,,,,G,,G,ADAPTATION,CU_USD_B
13,13.a,13.a.1,DC_FIN_CLIMB,"Climate-specific financial support provided via bilateral, regional and other channels, by type of support (Billions of current United States dollars)",1,World,2014,0.74,2014,,,,,Biennial Reports by Annex I Parties to the Convention,,,,G,,G,OTHER,CU_USD_B
13,13.a,13.a.1,DC_FIN_CLIMB,"Climate-specific financial support provided via bilateral, regional and other channels, by type of support (Billions of current United States dollars)",1,World,2014,23.87,2014,,,,,Biennial Reports by Annex I Parties to the Convention,,,,G,,G,TOTAL,CU_USD_B
13,13.a,13.a.1,DC_FIN_CLIMB,"Climate-specific financial support provided via bilateral, regional and other channels, by type of support (Billions of current United States dollars)",1,World,2014,3.55,2014,,,,,Biennial Reports by Annex I Parties to the Convention,,,,G,,G,ADAPTATION,CU_USD_B
13,13.a,13.a.1,DC_FIN_CLIMB,"Climate-specific financial support provided via bilateral, regional and other channels, by type of support (Billions of current United States dollars)",1,World,2014,17.08,2014,,,,,Biennial Reports by Annex I Parties to the Convention,,,,G,,G,MITIGATION,CU_USD_B
13,13.a,13.a.1,DC_FIN_CLIMB,"Climate-specific financial support provided via bilateral, regional and other channels, by type of support (Billions of current United States dollars)",1,World,2014,2.5,2014,,,,,Biennial Reports by Annex I Parties to the Convention,,,,G,,G,CROSS_CUTTING,CU_USD_B
13,13.a,13.a.1,DC_FIN_CLIMB,"Climate-specific financial support provided via bilateral, regional and other channels, by type of support (Billions of current United States dollars)",1,World,2015,19.98,2015,,,,,Biennial Reports by Annex I Parties to the Convention,,,,G,,G,MITIGATION,CU_USD_B
13,13.a,13.a.1,DC_FIN_CLIMB,"Climate-specific financial support provided via bilateral, regional and other channels, by type of support (Billions of current United States dollars)",1,World,2015,29.92,2015,,,,,Biennial Reports by Annex I Parties to the Convention,,,,G,,G,TOTAL,CU_USD_B
13,13.a,13.a.1,DC_FIN_CLIMB,"Climate-specific financial support provided via bilateral, regional and other channels, by type of support (Billions of current United States dollars)",1,World,2015,4.16,2015,,,,,Biennial Reports by Annex I Parties to the Convention,,,,G,,G,ADAPTATION,CU_USD_B
13,13.a,13.a.1,DC_FIN_CLIMB,"Climate-specific financial support provided via bilateral, regional and other channels, by type of support (Billions of current United States dollars)",1,World,2015,2.44,2015,,,,,Biennial Reports by Annex I Parties to the Convention,,,,G,,G,CROSS_CUTTING,CU_USD_B
13,13.a,13.a.1,DC_FIN_CLIMB,"Climate-specific financial support provided via bilateral, regional and other channels, by type of support (Billions of current United States dollars)",1,World,2015,3.34,2015,,,,,Biennial Reports by Annex I Parties to the Convention,,,,G,,G,OTHER,CU_USD_B
13,13.a,13.a.1,DC_FIN_CLIMB,"Climate-specific financial support provided via bilateral, regional and other channels, by type of support (Billions of current United States dollars)",1,World,2016,24.06,2016,,,,,Biennial Reports by Annex I Parties to the Convention,,,,G,,G,MITIGATION,CU_USD_B
13,13.a,13.a.1,DC_FIN_CLIMB,"Climate-specific financial support provided via bilateral, regional and other channels, by type of support (Billions of current United States dollars)",1,World,2016,1.08,2016,,,,,Biennial Reports by Annex I Parties to the Convention,,,,G,,G,OTHER,CU_USD_B
13,13.a,13.a.1,DC_FIN_CLIMB,"Climate-specific financial support provided via bilateral, regional and other channels, by type of support (Billions of current United States dollars)",1,World,2016,33.56,2016,,,,,Biennial Reports by Annex I Parties to the Convention,,,,G,,G,TOTAL,CU_USD_B
13,13.a,13.a.1,DC_FIN_CLIMB,"Climate-specific financial support provided via bilateral, regional and other channels, by type of support (Billions of current United States dollars)",1,World,2016,5.15,2016,,,,,Biennial Reports by Annex I Parties to the Convention,,,,G,,G,ADAPTATION,CU_USD_B
13,13.a,13.a.1,DC_FIN_CLIMB,"Climate-specific financial support provided via bilateral, regional and other channels, by type of support (Billions of current United States dollars)",1,World,2016,3.27,2016,,,,,Biennial Reports by Annex I Parties to the Convention,,,,G,,G,CROSS_CUTTING,CU_USD_B
13,13.a,13.a.1,DC_FIN_CLIMB,"Climate-specific financial support provided via bilateral, regional and other channels, by type of support (Billions of current United States dollars)",1,World,2017,28.13,2017,,,,,Biennial Reports by Annex I Parties to the Convention,,,,G,,G,TOTAL,CU_USD_B
13,13.a,13.a.1,DC_FIN_CLIMB,"Climate-specific financial support provided via bilateral, regional and other channels, by type of support (Billions of current United States dollars)",1,World,2017,5.58,2017,,,,,Biennial Reports by Annex I Parties to the Convention,,,,G,,G,ADAPTATION,CU_USD_B
13,13.a,13.a.1,DC_FIN_CLIMB,"Climate-specific financial support provided via bilateral, regional and other channels, by type of support (Billions of current United States dollars)",1,World,2017,0.01,2017,,,,,Biennial Reports by Annex I Parties to the Convention,,,,G,,G,OTHER,CU_USD_B
13,13.a,13.a.1,DC_FIN_CLIMB,"Climate-specific financial support provided via bilateral, regional and other channels, by type of support (Billions of current United States dollars)",1,World,2017,3.54,2017,,,,,Biennial Reports by Annex I Parties to the Convention,,,,G,,G,CROSS_CUTTING,CU_USD_B
13,13.a,13.a.1,DC_FIN_CLIMB,"Climate-specific financial support provided via bilateral, regional and other channels, by type of support (Billions of current United States dollars)",1,World,2017,19,2017,,,,,Biennial Reports by Annex I Parties to the Convention,,,,G,,G,MITIGATION,CU_USD_B
13,13.a,13.a.1,DC_FIN_CLIMB,"Climate-specific financial support provided via bilateral, regional and other channels, by type of support (Billions of current United States dollars)",1,World,2018,5.34,2018,,,,,Biennial Reports by Annex I Parties to the Convention,,,,G,,G,CROSS_CUTTING,CU_USD_B
13,13.a,13.a.1,DC_FIN_CLIMB,"Climate-specific financial support provided via bilateral, regional and other channels, by type of support (Billions of current United States dollars)",1,World,2018,31.8711,2018,,,,,Biennial Reports by Annex I Parties to the Convention,,,,G,,G,TOTAL,CU_USD_B
13,13.a,13.a.1,DC_FIN_CLIMB,"Climate-specific financial support provided via bilateral, regional and other channels, by type of support (Billions of current United States dollars)",1,World,2018,19.65,2018,,,,,Biennial Reports by Annex I Parties to the Convention,,,,G,,G,MITIGATION,CU_USD_B
13,13.a,13.a.1,DC_FIN_CLIMB,"Climate-specific financial support provided via bilateral, regional and other channels, by type of support (Billions of current United States dollars)",1,World,2018,6.88,2018,,,,,Biennial Reports by Annex I Parties to the Convention,,,,G,,G,ADAPTATION,CU_USD_B
13,13.a,13.a.1,DC_FIN_CLIMB,"Climate-specific financial support provided via bilateral, regional and other channels, by type of support (Billions of current United States dollars)",1,World,2018,0.0011,2018,,,,,Biennial Reports by Annex I Parties to the Convention,,,,G,,G,OTHER,CU_USD_B
13,13.a,13.a.1,DC_FIN_CLIMM,"Climate-specific financial support provided via multilateral channels, by type of support (Billions of current United States dollars)",1,World,2011,0.96,2011,,,,,Biennial Reports by Annex I Parties to the Convention,,,,G,,G,CROSS_CUTTING,CU_USD_B
13,13.a,13.a.1,DC_FIN_CLIMM,"Climate-specific financial support provided via multilateral channels, by type of support (Billions of current United States dollars)",1,World,2011,2.9,2011,,,,,Biennial Reports by Annex I Parties to the Convention,,,,G,,G,TOTAL,CU_USD_B
13,13.a,13.a.1,DC_FIN_CLIMM,"Climate-specific financial support provided via multilateral channels, by type of support (Billions of current United States dollars)",1,World,2011,0.44,2011,,,,,Biennial Reports by Annex I Parties to the Convention,,,,G,,G,ADAPTATION,CU_USD_B
13,13.a,13.a.1,DC_FIN_CLIMM,"Climate-specific financial support provided via multilateral channels, by type of support (Billions of current United States dollars)",1,World,2011,0.17,2011,,,,,Biennial Reports by Annex I Parties to the Convention,,,,G,,G,OTHER,CU_USD_B
13,13.a,13.a.1,DC_FIN_CLIMM,"Climate-specific financial support provided via multilateral channels, by type of support (Billions of current United States dollars)",1,World,2011,1.33,2011,,,,,Biennial Reports by Annex I Parties to the Convention,,,,G,,G,MITIGATION,CU_USD_B
13,13.a,13.a.1,DC_FIN_CLIMM,"Climate-specific financial support provided via multilateral channels, by type of support (Billions of current United States dollars)",1,World,2012,1.22,2012,,,,,Biennial Reports by Annex I Parties to the Convention,,,,G,,G,CROSS_CUTTING,CU_USD_B
13,13.a,13.a.1,DC_FIN_CLIMM,"Climate-specific financial support provided via multilateral channels, by type of support (Billions of current United States dollars)",1,World,2012,0.05,2012,,,,,Biennial Reports by Annex I Parties to the Convention,,,,G,,G,OTHER,CU_USD_B
13,13.a,13.a.1,DC_FIN_CLIMM,"Climate-specific financial support provided via multilateral channels, by type of support (Billions of current United States dollars)",1,World,2012,0.44,2012,,,,,Biennial Reports by Annex I Parties to the Convention,,,,G,,G,ADAPTATION,CU_USD_B
13,13.a,13.a.1,DC_FIN_CLIMM,"Climate-specific financial support provided via multilateral channels, by type of support (Billions of current United States dollars)",1,World,2012,0.99,2012,,,,,Biennial Reports by Annex I Parties to the Convention,,,,G,,G,MITIGATION,CU_USD_B
13,13.a,13.a.1,DC_FIN_CLIMM,"Climate-specific financial support provided via multilateral channels, by type of support (Billions of current United States dollars)",1,World,2012,2.7,2012,,,,,Biennial Reports by Annex I Parties to the Convention,,,,G,,G,TOTAL,CU_USD_B
13,13.a,13.a.1,DC_FIN_CLIMM,"Climate-specific financial support provided via multilateral channels, by type of support (Billions of current United States dollars)",1,World,2013,0.06,2013,,,,,Biennial Reports by Annex I Parties to the Convention,,,,G,,G,OTHER,CU_USD_B
13,13.a,13.a.1,DC_FIN_CLIMM,"Climate-specific financial support provided via multilateral channels, by type of support (Billions of current United States dollars)",1,World,2013,0.43,2013,,,,,Biennial Reports by Annex I Parties to the Convention,,,,G,,G,ADAPTATION,CU_USD_B
13,13.a,13.a.1,DC_FIN_CLIMM,"Climate-specific financial support provided via multilateral channels, by type of support (Billions of current United States dollars)",1,World,2013,2.27,2013,,,,,Biennial Reports by Annex I Parties to the Convention,,,,G,,G,TOTAL,CU_USD_B
13,13.a,13.a.1,DC_FIN_CLIMM,"Climate-specific financial support provided via multilateral channels, by type of support (Billions of current United States dollars)",1,World,2013,0.58,2013,,,,,Biennial Reports by Annex I Parties to the Convention,,,,G,,G,MITIGATION,CU_USD_B
13,13.a,13.a.1,DC_FIN_CLIMM,"Climate-specific financial support provided via multilateral channels, by type of support (Billions of current United States dollars)",1,World,2013,1.2,2013,,,,,Biennial Reports by Annex I Parties to the Convention,,,,G,,G,CROSS_CUTTING,CU_USD_B
13,13.a,13.a.1,DC_FIN_CLIMM,"Climate-specific financial support provided via multilateral channels, by type of support (Billions of current United States dollars)",1,World,2014,0.12,2014,,,,,Biennial Reports by Annex I Parties to the Convention,,,,G,,G,OTHER,CU_USD_B
13,13.a,13.a.1,DC_FIN_CLIMM,"Climate-specific financial support provided via multilateral channels, by type of support (Billions of current United States dollars)",1,World,2014,0.29,2014,,,,,Biennial Reports by Annex I Parties to the Convention,,,,G,,G,ADAPTATION,CU_USD_B
13,13.a,13.a.1,DC_FIN_CLIMM,"Climate-specific financial support provided via multilateral channels, by type of support (Billions of current United States dollars)",1,World,2014,2.74,2014,,,,,Biennial Reports by Annex I Parties to the Convention,,,,G,,G,TOTAL,CU_USD_B
13,13.a,13.a.1,DC_FIN_CLIMM,"Climate-specific financial support provided via multilateral channels, by type of support (Billions of current United States dollars)",1,World,2014,0.45,2014,,,,,Biennial Reports by Annex I Parties to the Convention,,,,G,,G,MITIGATION,CU_USD_B
13,13.a,13.a.1,DC_FIN_CLIMM,"Climate-specific financial support provided via multilateral channels, by type of support (Billions of current United States dollars)",1,World,2014,1.88,2014,,,,,Biennial Reports by Annex I Parties to the Convention,,,,G,,G,CROSS_CUTTING,CU_USD_B
13,13.a,13.a.1,DC_FIN_CLIMM,"Climate-specific financial support provided via multilateral channels, by type of support (Billions of current United States dollars)",1,World,2015,0.38,2015,,,,,Biennial Reports by Annex I Parties to the Convention,,,,G,,G,MITIGATION,CU_USD_B
13,13.a,13.a.1,DC_FIN_CLIMM,"Climate-specific financial support provided via multilateral channels, by type of support (Billions of current United States dollars)",1,World,2015,3.06,2015,,,,,Biennial Reports by Annex I Parties to the Convention,,,,G,,G,TOTAL,CU_USD_B
13,13.a,13.a.1,DC_FIN_CLIMM,"Climate-specific financial support provided via multilateral channels, by type of support (Billions of current United States dollars)",1,World,2015,0.19,2015,,,,,Biennial Reports by Annex I Parties to the Convention,,,,G,,G,ADAPTATION,CU_USD_B
13,13.a,13.a.1,DC_FIN_CLIMM,"Climate-specific financial support provided via multilateral channels, by type of support (Billions of current United States dollars)",1,World,2015,1.84,2015,,,,,Biennial Reports by Annex I Parties to the Convention,,,,G,,G,CROSS_CUTTING,CU_USD_B
13,13.a,13.a.1,DC_FIN_CLIMM,"Climate-specific financial support provided via multilateral channels, by type of support (Billions of current United States dollars)",1,World,2015,0.19,2015,,,,,Biennial Reports by Annex I Parties to the Convention,,,,G,,G,OTHER,CU_USD_B
13,13.a,13.a.1,DC_FIN_CLIMM,"Climate-specific financial support provided via multilateral channels, by type of support (Billions of current United States dollars)",1,World,2016,0.21,2016,,,,,Biennial Reports by Annex I Parties to the Convention,,,,G,,G,MITIGATION,CU_USD_B
13,13.a,13.a.1,DC_FIN_CLIMM,"Climate-specific financial support provided via multilateral channels, by type of support (Billions of current United States dollars)",1,World,2016,0.19,2016,,,,,Biennial Reports by Annex I Parties to the Convention,,,,G,,G,OTHER,CU_USD_B
13,13.a,13.a.1,DC_FIN_CLIMM,"Climate-specific financial support provided via multilateral channels, by type of support (Billions of current United States dollars)",1,World,2016,1.78,2016,,,,,Biennial Reports by Annex I Parties to the Convention,,,,G,,G,CROSS_CUTTING,CU_USD_B
13,13.a,13.a.1,DC_FIN_CLIMM,"Climate-specific financial support provided via multilateral channels, by type of support (Billions of current United States dollars)",1,World,2016,0.41,2016,,,,,Biennial Reports by Annex I Parties to the Convention,,,,G,,G,ADAPTATION,CU_USD_B
13,13.a,13.a.1,DC_FIN_CLIMM,"Climate-specific financial support provided via multilateral channels, by type of support (Billions of current United States dollars)",1,World,2016,3.96,2016,,,,,Biennial Reports by Annex I Parties to the Convention,,,,G,,G,TOTAL,CU_USD_B
13,13.a,13.a.1,DC_FIN_CLIMM,"Climate-specific financial support provided via multilateral channels, by type of support (Billions of current United States dollars)",1,World,2017,1.83,2017,,,,,Biennial Reports by Annex I Parties to the Convention,,,,G,,G,CROSS_CUTTING,CU_USD_B
13,13.a,13.a.1,DC_FIN_CLIMM,"Climate-specific financial support provided via multilateral channels, by type of support (Billions of current United States dollars)",1,World,2017,5.89,2017,,,,,Biennial Reports by Annex I Parties to the Convention,,,,G,,G,TOTAL,CU_USD_B
13,13.a,13.a.1,DC_FIN_CLIMM,"Climate-specific financial support provided via multilateral channels, by type of support (Billions of current United States dollars)",1,World,2017,0.68,2017,,,,,Biennial Reports by Annex I Parties to the Convention,,,,G,,G,ADAPTATION,CU_USD_B
13,13.a,13.a.1,DC_FIN_CLIMM,"Climate-specific financial support provided via multilateral channels, by type of support (Billions of current United States dollars)",1,World,2017,0.00001,2017,,,,,Biennial Reports by Annex I Parties to the Convention,,,,G,,G,OTHER,CU_USD_B
13,13.a,13.a.1,DC_FIN_CLIMM,"Climate-specific financial support provided via multilateral channels, by type of support (Billions of current United States dollars)",1,World,2017,3.38,2017,,,,,Biennial Reports by Annex I Parties to the Convention,,,,G,,G,MITIGATION,CU_USD_B
13,13.a,13.a.1,DC_FIN_CLIMM,"Climate-specific financial support provided via multilateral channels, by type of support (Billions of current United States dollars)",1,World,2018,0.87,2018,,,,,Biennial Reports by Annex I Parties to the Convention,,,,G,,G,ADAPTATION,CU_USD_B
13,13.a,13.a.1,DC_FIN_CLIMM,"Climate-specific financial support provided via multilateral channels, by type of support (Billions of current United States dollars)",1,World,2018,6.56,2018,,,,,Biennial Reports by Annex I Parties to the Convention,,,,G,,G,TOTAL,CU_USD_B
13,13.a,13.a.1,DC_FIN_CLIMM,"Climate-specific financial support provided via multilateral channels, by type of support (Billions of current United States dollars)",1,World,2018,1.91,2018,,,,,Biennial Reports by Annex I Parties to the Convention,,,,G,,G,CROSS_CUTTING,CU_USD_B
13,13.a,13.a.1,DC_FIN_CLIMM,"Climate-specific financial support provided via multilateral channels, by type of support (Billions of current United States dollars)",1,World,2018,3.78,2018,,,,,Biennial Reports by Annex I Parties to the Convention,,,,G,,G,MITIGATION,CU_USD_B
13,13.a,13.a.1,DC_FIN_CLIMM,"Climate-specific financial support provided via multilateral channels, by type of support (Billions of current United States dollars)",1,World,2018,0.0001,2018,,,,,Biennial Reports by Annex I Parties to the Convention,,,,G,,G,OTHER,CU_USD_B
13,13.a,13.a.1,DC_FIN_CLIMT,Total climate-specific financial support provided (Billions of current United States dollars),1,World,2011,16.97,2011,,,,,Biennial Reports by Annex I Parties to the Convention,,,,G,,G,,CU_USD_B
13,13.a,13.a.1,DC_FIN_CLIMT,Total climate-specific financial support provided (Billions of current United States dollars),1,World,2012,17.08,2012,,,,,Biennial Reports by Annex I Parties to the Convention,,,,G,,G,,CU_USD_B
13,13.a,13.a.1,DC_FIN_CLIMT,Total climate-specific financial support provided (Billions of current United States dollars),1,World,2013,25.42,2013,,,,,Biennial Reports by Annex I Parties to the Convention,,,,G,,G,,CU_USD_B
13,13.a,13.a.1,DC_FIN_CLIMT,Total climate-specific financial support provided (Billions of current United States dollars),1,World,2014,26.6,2014,,,,,Biennial Reports by Annex I Parties to the Convention,,,,G,,G,,CU_USD_B
13,13.a,13.a.1,DC_FIN_CLIMT,Total climate-specific financial support provided (Billions of current United States dollars),1,World,2015,32.98,2015,,,,,Biennial Reports by Annex I Parties to the Convention,,,,G,,G,,CU_USD_B
13,13.a,13.a.1,DC_FIN_CLIMT,Total climate-specific financial support provided (Billions of current United States dollars),1,World,2016,37.52,2016,,,,,Biennial Reports by Annex I Parties to the Convention,,,,G,,G,,CU_USD_B
13,13.a,13.a.1,DC_FIN_CLIMT,Total climate-specific financial support provided (Billions of current United States dollars),1,World,2017,34.02,2017,,,,,Biennial Reports by Annex I Parties to the Convention,,,,G,,G,,CU_USD_B
13,13.a,13.a.1,DC_FIN_CLIMT,Total climate-specific financial support provided (Billions of current United States dollars),1,World,2018,38.43,2018,,,,,Biennial Reports by Annex I Parties to the Convention,,,,G,,G,,CU_USD_B
13,13.a,13.a.1,DC_FIN_GEN,Core/general contributions provided to multilateral institutions (Billions of current United States dollars),1,World,2011,11.78,2011,,,,,Biennial Reports by Annex I Parties to the Convention,,,,G,,G,,CU_USD_B
13,13.a,13.a.1,DC_FIN_GEN,Core/general contributions provided to multilateral institutions (Billions of current United States dollars),1,World,2012,11.83,2012,,,,,Biennial Reports by Annex I Parties to the Convention,,,,G,,G,,CU_USD_B
13,13.a,13.a.1,DC_FIN_GEN,Core/general contributions provided to multilateral institutions (Billions of current United States dollars),1,World,2013,15.11,2013,,,,,Biennial Reports by Annex I Parties to the Convention,,,,G,,G,,CU_USD_B
13,13.a,13.a.1,DC_FIN_GEN,Core/general contributions provided to multilateral institutions (Billions of current United States dollars),1,World,2014,16.63,2014,,,,,Biennial Reports by Annex I Parties to the Convention,,,,G,,G,,CU_USD_B
13,13.a,13.a.1,DC_FIN_GEN,Core/general contributions provided to multilateral institutions (Billions of current United States dollars),1,World,2015,12.42,2015,,,,,Biennial Reports by Annex I Parties to the Convention,,,,G,,G,,CU_USD_B
13,13.a,13.a.1,DC_FIN_GEN,Core/general contributions provided to multilateral institutions (Billions of current United States dollars),1,World,2016,11.91,2016,,,,,Biennial Reports by Annex I Parties to the Convention,,,,G,,G,,CU_USD_B
13,13.a,13.a.1,DC_FIN_GEN,Core/general contributions provided to multilateral institutions (Billions of current United States dollars),1,World,2017,11.49,2017,,,,,Biennial Reports by Annex I Parties to the Convention,,,,G,,G,,CU_USD_B
13,13.a,13.a.1,DC_FIN_GEN,Core/general contributions provided to multilateral institutions (Billions of current United States dollars),1,World,2018,13.5,2018,,,,,Biennial Reports by Annex I Parties to the Convention,,,,G,,G,,CU_USD_B
13,13.a,13.a.1,DC_FIN_TOT,Total financial support provided (Billions of current United States dollars),1,World,2011,28.75,2011,,,,,Biennial Reports by Annex I Parties to the Convention,,,,G,,G,,CU_USD_B
13,13.a,13.a.1,DC_FIN_TOT,Total financial support provided (Billions of current United States dollars),1,World,2012,28.92,2012,,,,,Biennial Reports by Annex I Parties to the Convention,,,,G,,G,,CU_USD_B
13,13.a,13.a.1,DC_FIN_TOT,Total financial support provided (Billions of current United States dollars),1,World,2013,40.52,2013,,,,,Biennial Reports by Annex I Parties to the Convention,,,,G,,G,,CU_USD_B
13,13.a,13.a.1,DC_FIN_TOT,Total financial support provided (Billions of current United States dollars),1,World,2014,43.24,2014,,,,,Biennial Reports by Annex I Parties to the Convention,,,,G,,G,,CU_USD_B
13,13.a,13.a.1,DC_FIN_TOT,Total financial support provided (Billions of current United States dollars),1,World,2015,45.4,2015,,,,,Biennial Reports by Annex I Parties to the Convention,,,,G,,G,,CU_USD_B
13,13.a,13.a.1,DC_FIN_TOT,Total financial support provided (Billions of current United States dollars),1,World,2016,49.43,2016,,,,,Biennial Reports by Annex I Parties to the Convention,,,,G,,G,,CU_USD_B
13,13.a,13.a.1,DC_FIN_TOT,Total financial support provided (Billions of current United States dollars),1,World,2017,45.51,2017,,,,,Biennial Reports by Annex I Parties to the Convention,,,,G,,G,,CU_USD_B
13,13.a,13.a.1,DC_FIN_TOT,Total financial support provided (Billions of current United States dollars),1,World,2018,51.93,2018,,,,,Biennial Reports by Annex I Parties to the Convention,,,,G,,G,,CU_USD_B
